HOUSE_MANAGE_NO,project,HOUSE_TY,MODEL_NO,area,sale_price_10k,comparison_scope,candidate_apt_count,candidate_trade_count,comparable_price_10k,relative_price_gap_10k,rpg_pct,supply,applicants,rate,iqr_ratio,max_loo_change,quality_grade,quality_warning
2025000422,오남역 서희스타힐스 여의재 3단지,059.7153A,1,59.7153,53400,same_sgg,26,374,40425.0,-12975.0,-24.297752808988765,14,33,2.357142857142857,0.6001855287569573,0.03525046382189239,C,True
2025000422,오남역 서희스타힐스 여의재 3단지,059.9642B,2,59.9642,52800,same_sgg,26,374,40425.0,-12375.0,-23.4375,36,23,0.6388888888888888,0.6001855287569573,0.03525046382189239,C,True
2025000422,오남역 서희스타힐스 여의재 3단지,075.4603 ,3,75.4603,64900,same_sgg,19,247,57150.0,-7750.0,-11.941448382126348,11,15,1.3636363636363635,0.7204724409448819,0.08180227471566054,C,True
2025000422,오남역 서희스타힐스 여의재 3단지,084.9596 ,4,84.9596,70900,same_sgg,86,1562,55150.0,-15750.0,-22.214386459802537,1,20,20.0,0.5555303717135086,0.009972801450589302,A,False
2025000497,아크로 드 서초,059.3700 ,1,59.37,179415,same_dong,3,11,330000.0,150585.0,83.93110943901011,2,1293,646.5,0.11666666666666667,0.09393939393939393,B,True
2025000497,아크로 드 서초,059.3700A,2,59.37,186490,same_dong,3,11,330000.0,143510.0,76.95318783849,26,29535,1135.9615384615386,0.11666666666666667,0.09393939393939393,B,True
2025000497,아크로 드 서초,059.2100C,3,59.21,179340,same_dong,3,11,330000.0,150660.0,84.00802944128472,2,2145,1072.5,0.11666666666666667,0.09393939393939393,B,True
2025000510,두산위브 더센트럴 수원,059.9371A,1,59.9371,79090,same_sgg,12,123,58225.0,-20865.0,-26.38133771652548,92,1404,15.26086956521739,0.29497638471446974,0.030485186775440102,A,False
2025000510,두산위브 더센트럴 수원,059.9137B,2,59.9137,78670,same_sgg,12,123,58225.0,-20445.0,-25.98830558027202,33,304,9.212121212121213,0.29497638471446974,0.030485186775440102,A,False
2025000510,두산위브 더센트럴 수원,084.4545B,3,84.4545,94820,same_sgg,15,169,67400.0,-27420.0,-28.91794979962033,1,71,71.0,0.4120919881305638,0.030415430267062313,A,False
2025000510,두산위브 더센트럴 수원,084.8080C,4,84.808,95640,same_sgg,15,169,67400.0,-28240.0,-29.52739439565036,1,72,72.0,0.4120919881305638,0.030415430267062313,A,False
2025000572,포레나더샵 인천시청역,049.9664 ,1,49.9664,50440,same_sgg,7,31,17900.0,-32540.0,-64.51229183187947,23,100,4.3478260869565215,0.6962290502793296,0.20879888268156424,C,True
2025000572,포레나더샵 인천시청역,059.9954A,2,59.9954,66560,same_dong,6,39,36500.0,-30060.0,-45.16225961538461,174,459,2.6379310344827585,0.22979452054794522,0.0547945205479452,A,False
2025000572,포레나더샵 인천시청역,059.9800B,3,59.98,66440,same_dong,6,39,36500.0,-29940.0,-45.0632149307646,140,413,2.95,0.22979452054794522,0.0547945205479452,A,False
2025000628,북오산자이 리버블시티,059.9928A,1,59.9928,47450,same_sgg,8,129,36350.0,-11100.0,-23.39304531085353,130,85,0.6538461538461539,0.09982806052269601,0.012379642365887207,A,False
2025000628,북오산자이 리버블시티,059.9984B,2,59.9984,48170,same_sgg,8,129,36350.0,-11820.0,-24.538094249532904,88,166,1.8863636363636365,0.09982806052269601,0.012379642365887207,A,False
2025000628,북오산자이 리버블시티,074.9590A,3,74.959,57050,same_sgg,13,105,40501.0,-16549.0,-29.00788781770377,93,58,0.6236559139784946,0.307399817288462,0.019147675366040343,A,False
2025000628,북오산자이 리버블시티,074.9810B,4,74.981,57720,same_sgg,13,105,40501.0,-17219.0,-29.831947331947333,82,55,0.6707317073170732,0.307399817288462,0.019147675366040343,A,False
2025000628,북오산자이 리버블시티,074.9604C,5,74.9604,57670,same_sgg,13,105,40501.0,-17169.0,-29.77111149644529,53,15,0.2830188679245283,0.307399817288462,0.019147675366040343,A,False
2025000628,북오산자이 리버블시티,084.9121A,6,84.9121,63800,same_dong,3,32,51450.0,-12350.0,-19.357366771159874,158,78,0.4936708860759494,0.06559766763848396,0.05782312925170068,B,True
2025000628,북오산자이 리버블시티,084.9102B,7,84.9102,64460,same_dong,3,32,51450.0,-13010.0,-20.183059261557556,215,127,0.5906976744186047,0.06559766763848396,0.05782312925170068,B,True
2025000628,북오산자이 리버블시티,084.9452D,8,84.9452,64240,same_dong,3,32,51450.0,-12790.0,-19.909713574097136,53,24,0.4528301886792453,0.06559766763848396,0.05782312925170068,B,True
2025000628,북오산자이 리버블시티,099.3436B,9,99.3436,73120,same_sgg,6,30,47250.0,-25870.0,-35.38019693654267,105,69,0.6571428571428571,0.2635820105820106,0.037037037037037035,A,False
2025000628,북오산자이 리버블시티,126.2497P,10,126.2497,142140,same_sgg,3,17,44900.0,-97240.0,-68.41142535528353,2,3,1.5,0.09910913140311804,0.09020044543429843,B,True
2025000628,북오산자이 리버블시티,127.3322P,11,127.3322,143630,same_sgg,5,25,44100.0,-99530.0,-69.29610805542018,1,7,7.0,0.031746031746031744,0.009070294784580499,A,False
2025000639,서귀포시 서홍동 형남아파트6차,084.5162A,1,84.5162,49000,same_dong,3,14,36000.0,-13000.0,-26.53061224489796,19,21,1.105263157894737,0.16111111111111112,0.08194444444444444,B,True
2025000639,서귀포시 서홍동 형남아파트6차,084.5162B,2,84.5162,49000,same_dong,3,14,36000.0,-13000.0,-26.53061224489796,11,12,1.0909090909090908,0.16111111111111112,0.08194444444444444,B,True
2025000639,서귀포시 서홍동 형남아파트6차,084.5162C,3,84.5162,49500,same_dong,3,14,36000.0,-13500.0,-27.27272727272727,8,9,1.125,0.16111111111111112,0.08194444444444444,B,True
2025000639,서귀포시 서홍동 형남아파트6차,084.9008D,4,84.9008,50600,same_dong,3,14,36000.0,-14600.0,-28.85375494071146,6,5,0.8333333333333334,0.16111111111111112,0.08194444444444444,B,True
2025000639,서귀포시 서홍동 형남아파트6차,084.8387E,5,84.8387,50800,same_dong,3,14,36000.0,-14800.0,-29.133858267716533,6,3,0.5,0.16111111111111112,0.08194444444444444,B,True
2025000639,서귀포시 서홍동 형남아파트6차,084.8387F,6,84.8387,51300,same_dong,3,14,36000.0,-15300.0,-29.82456140350877,4,16,4.0,0.16111111111111112,0.08194444444444444,B,True
2025000652,안양역 센트럴 아이파크 수자인,039.2437A,1,39.2437,55040,same_dong,3,72,40500.0,-14540.0,-26.4171511627907,6,52,8.666666666666666,0.08580246913580247,0.06728395061728396,B,True
2025000652,안양역 센트럴 아이파크 수자인,059.9208A,4,59.9208,94970,same_dong,13,218,56700.0,-38270.0,-40.29693587448668,3,278,92.66666666666669,0.23633156966490299,0.04144620811287478,A,False
2025000652,안양역 센트럴 아이파크 수자인,059.8628B,5,59.8628,94240,same_dong,13,218,56700.0,-37540.0,-39.83446519524618,16,612,38.25,0.23633156966490299,0.04144620811287478,A,False
2025000652,안양역 센트럴 아이파크 수자인,084.3197A,6,84.3197,126070,same_dong,11,154,74000.0,-52070.0,-41.30245101927501,1,182,182.0,0.4375,0.12162162162162163,B,False
2025000656,사우역 지엔하임,084.5679A,1,84.5679,69890,same_sgg,53,750,46500.0,-23390.0,-33.4668765202461,117,50,0.4273504273504273,0.2946236559139785,0.014516129032258065,A,False
2025000656,사우역 지엔하임,084.4836B,2,84.4836,68260,same_sgg,53,750,46500.0,-21760.0,-31.878113096982126,80,11,0.1375,0.2946236559139785,0.014516129032258065,A,False
2025000656,사우역 지엔하임,084.8671C,3,84.8671,69740,same_sgg,53,750,46500.0,-23240.0,-33.32377401778033,26,5,0.1923076923076923,0.2946236559139785,0.014516129032258065,A,False
2025000656,사우역 지엔하임,101.5951A,4,101.5951,83010,same_sgg,17,117,62750.0,-20260.0,-24.406697988194196,92,16,0.1739130434782608,0.2788844621513944,0.04780876494023904,A,False
2025000656,사우역 지엔하임,101.1948B,5,101.1948,81360,same_sgg,17,117,62750.0,-18610.0,-22.873647984267453,38,2,0.0526315789473684,0.2788844621513944,0.04780876494023904,A,False
2025000656,사우역 지엔하임,124.9379P,6,124.9379,126130,same_sgg,7,42,60850.0,-65280.0,-51.75612463331484,2,1,0.5,0.1992604765817584,0.039852095316351685,A,False
2025000656,사우역 지엔하임,133.0557P,7,133.0557,135420,same_sgg,5,29,60850.0,-74570.0,-55.06572145916409,3,0,0.0,0.4149548069022186,0.15940838126540674,B,False
2025000660,드파인 연희,059.8557A,1,59.8557,124300,same_sgg,25,210,116000.0,-8300.0,-6.6773934030571205,45,2977,66.15555555555555,0.24008620689655172,0.011422413793103449,A,False
2025000660,드파인 연희,059.9967B,2,59.9967,120100,same_sgg,25,209,116000.0,-4100.0,-3.413821815154038,34,1526,44.88235294117647,0.24008620689655172,0.011422413793103449,A,False
2025000660,드파인 연희,074.8333A,3,74.8333,133100,same_sgg,4,22,127000.0,-6100.0,-4.583020285499624,5,130,26.0,0.09005905511811024,0.0,B,False
2025000660,드파인 연희,074.8428B,4,74.8428,133000,same_sgg,4,22,127000.0,-6000.0,-4.511278195488721,5,96,19.2,0.09005905511811024,0.0,B,False
2025000660,드파인 연희,074.6908C,5,74.6908,126300,same_sgg,4,22,127000.0,700.0,0.5542359461599367,1,33,33.0,0.09005905511811024,0.0,B,False
2025000660,드파인 연희,075.5884A,6,75.5884,137900,same_sgg,4,22,127000.0,-10900.0,-7.904278462654098,5,116,23.2,0.09005905511811024,0.0,B,False
2025000660,드파인 연희,075.5884B,7,75.5884,137800,same_sgg,4,22,127000.0,-10800.0,-7.837445573294629,5,148,29.6,0.09005905511811024,0.0,B,False
2025000660,드파인 연희,075.4474C,8,75.4474,129000,same_sgg,4,22,127000.0,-2000.0,-1.550387596899225,1,29,29.0,0.09005905511811024,0.0,B,False
2025000660,드파인 연희,084.9774A,9,84.9774,152500,same_sgg,29,344,131000.0,-21500.0,-14.098360655737704,10,556,55.6,0.2824427480916031,0.003816793893129771,A,False
2025000660,드파인 연희,084.9767B,10,84.9767,152400,same_sgg,29,344,131000.0,-21400.0,-14.041994750656167,10,357,35.7,0.2824427480916031,0.003816793893129771,A,False
2025000660,드파인 연희,084.9767C,11,84.9767,140700,same_sgg,29,344,131000.0,-9700.0,-6.89410092395167,6,99,16.5,0.2824427480916031,0.003816793893129771,A,False
2025000660,드파인 연희,084.9736D,12,84.9736,156500,same_sgg,29,344,131000.0,-25500.0,-16.293929712460063,8,203,25.375,0.2824427480916031,0.003816793893129771,A,False
2025000660,드파인 연희,084.9729E,13,84.9729,156400,same_sgg,29,344,131000.0,-25400.0,-16.240409207161125,7,221,31.571428571428573,0.2824427480916031,0.003816793893129771,A,False
2025000660,드파인 연희,084.9729F,14,84.9729,140300,same_sgg,29,344,131000.0,-9300.0,-6.628652886671419,2,20,10.0,0.2824427480916031,0.003816793893129771,A,False
2025000660,드파인 연희,084.9139G,15,84.9139,154600,same_sgg,29,344,131000.0,-23600.0,-15.265200517464423,2,46,23.0,0.2824427480916031,0.003816793893129771,A,False
2025000660,드파인 연희,084.9139H,16,84.9139,144200,same_sgg,29,344,131000.0,-13200.0,-9.153952843273233,2,31,15.5,0.2824427480916031,0.003816793893129771,A,False
2025000660,드파인 연희,084.9139I,17,84.9139,139700,same_sgg,29,344,131000.0,-8700.0,-6.227630637079455,2,33,16.5,0.2824427480916031,0.003816793893129771,A,False
2025000660,드파인 연희,115.9277B,18,115.9277,235900,same_sgg,3,26,175000.0,-60900.0,-25.816023738872403,1,34,34.0,0.22071428571428572,0.18571428571428572,B,True
2026000008,경산 상방공원 호반써밋 1단지,074.8253A,1,74.8253,47490,same_sgg,15,111,34675.0,-12815.0,-26.98462834280901,107,24,0.2242990654205607,0.437635183850036,0.06380677721701514,A,False
2026000008,경산 상방공원 호반써밋 1단지,084.7061A,2,84.7061,54690,same_sgg,34,380,30500.0,-24190.0,-44.23112086304626,410,89,0.2170731707317073,0.5450819672131147,0.08196721311475409,A,False
2026000008,경산 상방공원 호반써밋 1단지,084.7982B,3,84.7982,52690,same_sgg,34,380,30500.0,-22190.0,-42.11425317897134,170,23,0.1352941176470588,0.5450819672131147,0.08196721311475409,A,False
2026000012,경성대부경대역 비스타동원 더 프리미엄,059.9041A,1,59.9041,66000,same_dong,11,165,62000.0,-4000.0,-6.0606060606060606,13,11,0.8461538461538461,0.22580645161290322,0.016129032258064516,A,False
2026000012,경성대부경대역 비스타동원 더 프리미엄,059.8880B,2,59.888,64700,same_dong,11,165,62000.0,-2700.0,-4.1731066460587325,26,10,0.3846153846153846,0.22580645161290322,0.016129032258064516,A,False
2026000012,경성대부경대역 비스타동원 더 프리미엄,084.9740A,3,84.974,96600,same_dong,10,259,77862.5,-18737.5,-19.396997929606624,2,11,5.5,0.21608604912506021,0.026167924225397335,A,False
2026000012,경성대부경대역 비스타동원 더 프리미엄,084.8376B,4,84.8376,94400,same_dong,10,259,77862.5,-16537.5,-17.51853813559322,23,4,0.1739130434782608,0.21608604912506021,0.026167924225397335,A,False
2026000012,경성대부경대역 비스타동원 더 프리미엄,084.8873C,5,84.8873,93400,same_dong,10,259,77862.5,-15537.5,-16.635438972162742,23,7,0.3043478260869565,0.21608604912506021,0.026167924225397335,A,False
2026000014,천안 아이파크 시티 5단지,084.8786A,1,84.8786,59160,same_dong,5,112,47500.0,-11660.0,-19.70926301555105,238,1010,4.243697478991597,0.06315789473684211,0.02631578947368421,A,False
2026000014,천안 아이파크 시티 5단지,084.9323B,2,84.9323,60840,same_dong,5,112,47500.0,-13340.0,-21.926364234056543,80,474,5.925,0.06315789473684211,0.02631578947368421,A,False
2026000014,천안 아이파크 시티 5단지,084.9587C,3,84.9587,60030,same_dong,5,112,47500.0,-12530.0,-20.87289688489089,25,1360,54.4,0.06315789473684211,0.02631578947368421,A,False
2026000014,천안 아이파크 시티 5단지,102.8880A,4,102.888,74610,same_sgg,16,89,73625.0,-985.0,-1.3201983648304516,185,1946,10.51891891891892,0.36485568760611203,0.01867572156196944,A,False
2026000014,천안 아이파크 시티 5단지,102.7602B,5,102.7602,72970,same_sgg,16,89,73625.0,655.0,0.8976291626695903,88,66,0.75,0.36485568760611203,0.01867572156196944,A,False
2026000015,천안 아이파크 시티 6단지,084.8786A,1,84.8786,58940,same_dong,5,112,47500.0,-11440.0,-19.40956905327452,161,674,4.186335403726708,0.06315789473684211,0.02631578947368421,A,False
2026000015,천안 아이파크 시티 6단지,084.9323B,2,84.9323,57720,same_dong,5,112,47500.0,-10220.0,-17.706167706167705,93,95,1.021505376344086,0.06315789473684211,0.02631578947368421,A,False
2026000015,천안 아이파크 시티 6단지,084.9587C,3,84.9587,60660,same_dong,5,112,47500.0,-13160.0,-21.694691724365317,130,5871,45.16153846153846,0.06315789473684211,0.02631578947368421,A,False
2026000015,천안 아이파크 시티 6단지,102.8880A,4,102.888,71130,same_sgg,16,89,73625.0,2495.0,3.5076620272740056,118,301,2.5508474576271185,0.36485568760611203,0.01867572156196944,A,False
2026000015,천안 아이파크 시티 6단지,102.7602B,5,102.7602,69570,same_sgg,16,89,73625.0,4055.0,5.828661779502659,134,282,2.1044776119402986,0.36485568760611203,0.01867572156196944,A,False
2026000017,쌍용 더 플래티넘 온수역,059.9563A,1,59.9563,89150,same_sgg,11,197,56650.0,-32500.0,-36.45541222658441,46,593,12.891304347826088,0.18976169461606354,0.03662842012356576,A,False
2026000017,쌍용 더 플래티넘 온수역,059.8585B,2,59.8585,86830,same_sgg,11,197,56650.0,-30180.0,-34.75757226764943,59,628,10.64406779661017,0.18976169461606354,0.03662842012356576,A,False
2026000017,쌍용 더 플래티넘 온수역,084.9174B,3,84.9174,113760,same_sgg,17,180,65000.0,-48760.0,-42.862165963431785,4,96,24.0,0.25384615384615383,0.015384615384615385,A,False
2026000018,리첸시아 표선 IB EDU,081.2000H,1,81.2,55500,same_sgg,16,106,34750.0,-20750.0,-37.38738738738739,4,0,0.0,0.4071942446043165,0.03597122302158273,A,False
2026000018,리첸시아 표선 IB EDU,082.2100D,2,82.21,57500,same_sgg,16,106,34750.0,-22750.0,-39.56521739130434,7,0,0.0,0.4071942446043165,0.03597122302158273,A,False
2026000018,리첸시아 표선 IB EDU,082.6500G,3,82.65,55500,same_sgg,16,106,34750.0,-20750.0,-37.38738738738739,4,0,0.0,0.4071942446043165,0.03597122302158273,A,False
2026000018,리첸시아 표선 IB EDU,083.8100A,4,83.81,58500,same_sgg,14,92,36000.0,-22500.0,-38.46153846153847,7,0,0.0,0.38125,0.0,A,False
2026000018,리첸시아 표선 IB EDU,084.4900B,5,84.49,57000,same_sgg,14,91,36000.0,-21000.0,-36.84210526315789,7,0,0.0,0.38125,0.0,A,False
2026000018,리첸시아 표선 IB EDU,084.1400C,6,84.14,50500,same_sgg,14,91,36000.0,-14500.0,-28.71287128712871,2,0,0.0,0.38125,0.0,A,False
2026000018,리첸시아 표선 IB EDU,084.4100E,7,84.41,57500,same_sgg,14,91,36000.0,-21500.0,-37.391304347826086,7,0,0.0,0.38125,0.0,A,False
2026000018,리첸시아 표선 IB EDU,084.2300F,8,84.23,57500,same_sgg,14,91,36000.0,-21500.0,-37.391304347826086,7,0,0.0,0.38125,0.0,A,False
2026000018,리첸시아 표선 IB EDU,084.1400K,9,84.14,55500,same_sgg,14,91,36000.0,-19500.0,-35.13513513513514,5,0,0.0,0.38125,0.0,A,False
2026000019,구리역 하이니티 리버파크,038.9104 ,2,38.9104,71380,same_sgg,3,15,24700.0,-46680.0,-65.39646959932755,12,81,6.75,0.8036437246963563,0.7854251012145749,C,True
2026000019,구리역 하이니티 리버파크,059.9882A,4,59.9882,101980,same_dong,3,71,86750.0,-15230.0,-14.934300843302609,178,829,4.657303370786517,0.13112391930835735,0.08213256484149856,B,True
2026000019,구리역 하이니티 리버파크,059.9873B,5,59.9873,104270,same_dong,3,71,86750.0,-17520.0,-16.80253188836674,83,391,4.710843373493976,0.13112391930835735,0.08213256484149856,B,True
2026000019,구리역 하이니티 리버파크,059.9913C,6,59.9913,101360,same_dong,3,71,86750.0,-14610.0,-14.41397000789266,163,798,4.895705521472393,0.13112391930835735,0.08213256484149856,B,True
2026000019,구리역 하이니티 리버파크,077.9949 ,7,77.9949,124140,same_sgg,8,59,69000.0,-55140.0,-44.417593040116,8,58,7.25,0.1826086956521739,0.0036231884057971015,A,False
2026000019,구리역 하이니티 리버파크,084.9908 ,8,84.9908,135070,same_dong,5,47,92700.0,-42370.0,-31.36891981935293,82,543,6.621951219512195,0.3300970873786408,0.10140237324703344,B,False
2026000020,금정산 하늘채 루미엘,059.5222A,1,59.5222,68250,same_dong,3,29,44000.0,-24250.0,-35.53113553113553,9,8,0.8888888888888888,0.3352272727272727,0.30113636363636365,C,True
2026000020,금정산 하늘채 루미엘,059.3377B,2,59.3377,67460,same_dong,3,29,44000.0,-23460.0,-34.776163652534834,2,7,3.5,0.3352272727272727,0.30113636363636365,C,True
2026000020,금정산 하늘채 루미엘,074.0928 ,3,74.0928,81290,same_dong,3,22,45500.0,-35790.0,-44.02755566490343,49,5,0.1020408163265306,0.02142857142857143,0.013736263736263736,B,True
2026000020,금정산 하늘채 루미엘,084.2060 ,4,84.206,94190,same_dong,7,137,51750.0,-42440.0,-45.057861768765264,42,25,0.5952380952380952,0.09468599033816426,0.01884057971014493,A,False
2026000020,금정산 하늘채 루미엘,106.4081 ,5,106.4081,136120,same_sgg,6,31,57250.0,-78870.0,-57.9415221863062,88,1,0.0113636363636363,0.13919213973799127,0.039301310043668124,A,False
2026000020,금정산 하늘채 루미엘,115.5582P,6,115.5582,206890,same_sgg,4,30,62500.0,-144390.0,-69.79071003915124,1,0,0.0,0.3372,0.008,B,False
2026000020,금정산 하늘채 루미엘,128.3603P,7,128.3603,232870,same_sgg,4,20,66500.0,-166370.0,-71.44329454201916,1,0,0.0,0.19736842105263158,0.022556390977443608,B,False
2026000023,더샵 프리엘라,059.9700A,2,59.97,130039,same_sgg,14,132,136875.0,6836.0,5.2568844731196025,1,896,896.0,0.20949771689497718,0.0228310502283105,A,False
2026000023,더샵 프리엘라,059.9900B,3,59.99,124982,same_sgg,14,132,136875.0,11893.0,9.515770270919012,5,652,130.4,0.20949771689497718,0.0228310502283105,A,False
2026000023,더샵 프리엘라,059.9900C,4,59.99,126491,same_sgg,14,132,136875.0,10384.0,8.209279711600034,8,1139,142.375,0.20949771689497718,0.0228310502283105,A,False
2026000023,더샵 프리엘라,084.9900A,7,84.99,179888,same_sgg,26,226,144000.0,-35888.0,-19.950191230098728,15,650,43.333333333333336,0.37109375,0.003472222222222222,A,False
2026000023,더샵 프리엘라,084.9800B,8,84.98,176639,same_sgg,26,226,144000.0,-32639.0,-18.47779935348366,3,96,32.0,0.37109375,0.003472222222222222,A,False
2026000028,해링턴플레이스 노원 센트럴,059.7419B,1,59.7419,87000,same_dong,4,48,86100.0,-900.0,-1.0344827586206895,11,95,8.636363636363637,0.07897793263646923,0.018583042973286876,B,False
2026000028,해링턴플레이스 노원 센트럴,059.6793C,2,59.6793,87000,same_dong,4,48,86100.0,-900.0,-1.0344827586206895,12,83,6.916666666666667,0.07897793263646923,0.018583042973286876,B,False
2026000028,해링턴플레이스 노원 센트럴,059.6793D,3,59.6793,87000,same_dong,4,48,86100.0,-900.0,-1.0344827586206895,6,44,7.333333333333333,0.07897793263646923,0.018583042973286876,B,False
2026000029,썬밸리 오드카운티 가평설악,059.9741 ,1,59.9741,34660,same_sgg,5,27,28750.0,-5910.0,-17.05135603000577,162,4,0.0246913580246913,0.12173913043478261,0.06086956521739131,A,False
2026000029,썬밸리 오드카운티 가평설악,084.9857A,3,84.9857,47600,same_sgg,11,53,25000.0,-22600.0,-47.47899159663865,358,1,0.0027932960893854,0.36789,0.0284,A,False
2026000029,썬밸리 오드카운티 가평설악,084.9700B,4,84.97,47190,same_sgg,11,53,25000.0,-22190.0,-47.022674295401565,192,1,0.0052083333333333,0.36789,0.0284,A,False
2026000029,썬밸리 오드카운티 가평설악,084.9700C,5,84.97,47190,same_sgg,11,53,25000.0,-22190.0,-47.022674295401565,63,1,0.0158730158730158,0.36789,0.0284,A,False
2026000033,해링턴플레이스 오룡역,084.9880A,1,84.988,69493,same_sgg,19,228,44500.0,-24993.0,-35.96477343041745,139,37,0.2661870503597122,0.29719101123595504,0.0044943820224719105,A,False
2026000033,해링턴플레이스 오룡역,084.8990B,2,84.899,68441,same_sgg,19,228,44500.0,-23941.0,-34.980494148244475,159,26,0.1635220125786163,0.29719101123595504,0.0044943820224719105,A,False
2026000033,해링턴플레이스 오룡역,084.9460C,3,84.946,67428,same_sgg,19,228,44500.0,-22928.0,-34.00367799727116,73,8,0.1095890410958904,0.29719101123595504,0.0044943820224719105,A,False
2026000033,해링턴플레이스 오룡역,084.9310D,4,84.931,65856,same_sgg,19,228,44500.0,-21356.0,-32.42832847424684,14,3,0.2142857142857142,0.29719101123595504,0.0044943820224719105,A,False
2026000033,해링턴플레이스 오룡역,084.9380E,5,84.938,67488,same_sgg,19,228,44500.0,-22988.0,-34.062351825509715,14,2,0.1428571428571428,0.29719101123595504,0.0044943820224719105,A,False
2026000033,해링턴플레이스 오룡역,084.9060F,6,84.906,67185,same_sgg,19,228,44500.0,-22685.0,-33.76497730148099,12,4,0.3333333333333333,0.29719101123595504,0.0044943820224719105,A,False
2026000034,더 플래티넘 센트럴포레,059.9982A,1,59.9982,45200,same_sgg,10,202,31250.0,-13950.0,-30.86283185840708,24,3,0.125,0.166544,0.0016,A,False
2026000034,더 플래티넘 센트럴포레,059.9988B,2,59.9988,39100,same_sgg,10,202,31250.0,-7850.0,-20.076726342711,15,1,0.0666666666666666,0.166544,0.0016,A,False
2026000034,더 플래티넘 센트럴포레,059.9973C,3,59.9973,45200,same_sgg,10,202,31250.0,-13950.0,-30.86283185840708,3,0,0.0,0.166544,0.0016,A,False
2026000034,더 플래티넘 센트럴포레,074.9963 ,4,74.9963,56000,same_sgg,17,120,39000.0,-17000.0,-30.35714285714285,17,0,0.0,0.16923076923076924,0.019230769230769232,A,False
2026000034,더 플래티넘 센트럴포레,084.9988A,5,84.9988,62900,same_dong,4,39,29600.0,-33300.0,-52.94117647058824,40,2,0.05,0.5586993243243243,0.27364864864864863,C,True
2026000034,더 플래티넘 센트럴포레,084.9993B,6,84.9993,53200,same_dong,4,39,29600.0,-23600.0,-44.3609022556391,4,2,0.5,0.5586993243243243,0.27364864864864863,C,True
2026000035,연수 월드메르디앙 어반포레,060.9207A,1,60.9207,49200,same_dong,4,33,38125.0,-11075.0,-22.51016260162601,65,22,0.3384615384615385,0.06032786885245902,0.01639344262295082,B,False
2026000035,연수 월드메르디앙 어반포레,074.5984A,2,74.5984,59900,same_sgg,14,119,66875.0,6975.0,11.64440734557596,29,7,0.2413793103448276,0.16504672897196263,0.028037383177570093,A,False
2026000035,연수 월드메르디앙 어반포레,074.3599B,3,74.3599,59000,same_dong,3,16,46750.0,-12250.0,-20.76271186440678,14,6,0.4285714285714285,0.06096256684491978,0.04224598930481283,B,True
2026000035,연수 월드메르디앙 어반포레,074.4921C,4,74.4921,58400,same_dong,3,13,46750.0,-11650.0,-19.9486301369863,17,3,0.1764705882352941,0.06470588235294118,0.04224598930481283,B,True
2026000036,e편한세상 여수 글렌츠,059.8613A,1,59.8613,41993,same_sgg,11,80,25150.0,-16843.0,-40.1090657966804,11,14,1.2727272727272727,0.3250497017892644,0.05666003976143141,A,False
2026000036,e편한세상 여수 글렌츠,059.9815B,2,59.9815,41993,same_sgg,11,80,25150.0,-16843.0,-40.1090657966804,3,2,0.6666666666666666,0.3250497017892644,0.05666003976143141,A,False
2026000036,e편한세상 여수 글렌츠,084.9516A,3,84.9516,58867,same_sgg,28,222,36625.0,-22242.0,-37.7834780097508,20,27,1.35,0.22559726962457338,0.010238907849829351,A,False
2026000036,e편한세상 여수 글렌츠,084.9992B,4,84.9992,58867,same_sgg,28,222,36625.0,-22242.0,-37.7834780097508,14,5,0.3571428571428571,0.22559726962457338,0.010238907849829351,A,False
2026000036,e편한세상 여수 글렌츠,084.9603C,5,84.9603,58867,same_sgg,28,222,36625.0,-22242.0,-37.7834780097508,7,2,0.2857142857142857,0.22559726962457338,0.010238907849829351,A,False
2026000038,상주자이르네,084.9878A,1,84.9878,45520,same_sgg,4,17,38350.0,-7170.0,-15.751318101933215,405,375,0.925925925925926,0.09191655801825294,0.02998696219035202,B,False
2026000038,상주자이르네,084.9851B,2,84.9851,45520,same_sgg,4,17,38350.0,-7170.0,-15.751318101933215,58,84,1.4482758620689655,0.09191655801825294,0.02998696219035202,B,False
2026000038,상주자이르네,084.9837C,3,84.9837,42940,same_sgg,4,17,38350.0,-4590.0,-10.689333954354916,52,24,0.4615384615384615,0.09191655801825294,0.02998696219035202,B,False
2026000039,래미안 엘라비네,059.5300B,2,59.53,142900,same_sgg,15,137,124500.0,-18400.0,-12.876137158852345,5,1144,228.8,0.20783132530120482,0.018072289156626505,A,False
2026000039,래미안 엘라비네,084.5300A,4,84.53,184800,same_sgg,35,321,122400.0,-62400.0,-33.76623376623377,39,649,16.641025641025642,0.35130718954248363,0.006535947712418301,A,False
2026000039,래미안 엘라비네,084.3200B,5,84.32,182000,same_sgg,35,321,122400.0,-59600.0,-32.747252747252745,33,201,6.090909090909091,0.35130718954248363,0.006535947712418301,A,False
2026000039,래미안 엘라비네,084.1000C,6,84.1,180200,same_sgg,35,321,122400.0,-57800.0,-32.075471698113205,6,63,10.5,0.35130718954248363,0.006535947712418301,A,False
2026000039,래미안 엘라비네,084.3300D,7,84.33,182000,same_sgg,35,321,122400.0,-59600.0,-32.747252747252745,6,57,9.5,0.35130718954248363,0.006535947712418301,A,False
2026000039,래미안 엘라비네,115.2200 ,8,115.22,223700,same_sgg,4,20,160500.0,-63200.0,-28.25212337952615,24,140,5.833333333333333,0.32242990654205606,0.08411214953271028,B,False
2026000040,구서 다움포레,078.6851 ,2,78.6851,53695,same_dong,3,18,45000.0,-8695.0,-16.193314088835088,37,1,0.027027027027027,0.051111111111111114,0.03333333333333333,B,True
2026000044,용인 플랫폼시티 라온프라이빗 아르디에,084.6802A,1,84.6802,79800,same_dong,8,194,71500.0,-8300.0,-10.401002506265664,49,109,2.224489795918368,0.11888111888111888,0.02097902097902098,A,False
2026000044,용인 플랫폼시티 라온프라이빗 아르디에,084.6968B,2,84.6968,82800,same_dong,8,194,71500.0,-11300.0,-13.64734299516908,22,51,2.3181818181818183,0.11888111888111888,0.02097902097902098,A,False
2026000044,용인 플랫폼시티 라온프라이빗 아르디에,084.6402C,3,84.6402,78800,same_dong,8,194,71500.0,-7300.0,-9.263959390862944,10,24,2.4,0.11888111888111888,0.02097902097902098,A,False
2026000044,용인 플랫폼시티 라온프라이빗 아르디에,103.8844A,4,103.8844,90800,same_sgg,7,85,62500.0,-28300.0,-31.167400881057265,9,16,1.7777777777777777,0.2416,0.1056,B,False
2026000044,용인 플랫폼시티 라온프라이빗 아르디에,103.8844B,5,103.8844,82800,same_sgg,7,85,62500.0,-20300.0,-24.516908212560388,2,5,2.5,0.2416,0.1056,B,False
2026000044,용인 플랫폼시티 라온프라이빗 아르디에,116.6358 ,6,116.6358,106000,same_dong,3,28,67150.0,-38850.0,-36.65094339622642,21,1,0.0476190476190476,0.09307520476545049,0.09046909903201787,B,True
2026000044,용인 플랫폼시티 라온프라이빗 아르디에,119.1573A,7,119.1573,108300,same_dong,3,32,67150.0,-41150.0,-37.99630655586334,41,10,0.2439024390243902,0.10052122114668652,0.09046909903201787,B,True
2026000044,용인 플랫폼시티 라온프라이빗 아르디에,119.1573B,8,119.1573,101500,same_dong,3,32,67150.0,-34350.0,-33.8423645320197,20,1,0.05,0.10052122114668652,0.09046909903201787,B,True
2026000047,범어역 파크드림 디아르,073.1594 ,1,73.1594,83210,same_sgg,9,85,57000.0,-26210.0,-31.498617954572765,12,555,46.25,0.6614035087719298,0.12894736842105264,C,True
2026000047,범어역 파크드림 디아르,074.8544 ,2,74.8544,84490,same_sgg,13,90,57000.0,-27490.0,-32.53639483962599,6,507,84.5,0.7684210526315789,0.12894736842105264,C,True
2026000047,범어역 파크드림 디아르,084.9453A,3,84.9453,97350,same_sgg,77,978,62500.0,-34850.0,-35.79866461222394,3,1069,356.3333333333333,0.7344,0.0112,C,True
2026000049,"옥정중앙역 대방 디에트르(중상1, 복합1BL)",084.7277A,1,84.7277,61597,same_dong,17,270,43500.0,-18097.0,-29.37967758170041,748,1291,1.7259358288770053,0.13793103448275862,0.014367816091954023,A,False
2026000049,"옥정중앙역 대방 디에트르(중상1, 복합1BL)",084.9343B,2,84.9343,56709,same_dong,17,270,43500.0,-13209.0,-23.292599058350525,938,577,0.6151385927505331,0.13793103448275862,0.014367816091954023,A,False
2026000051,아산탕정자이 메트로시티(A3BL),059.9941A,1,59.9941,43200,same_sgg,28,392,22625.0,-20575.0,-47.62731481481482,62,341,5.5,0.2955801104972376,0.027624309392265192,A,False
2026000051,아산탕정자이 메트로시티(A3BL),059.9843B,2,59.9843,42100,same_sgg,28,392,22625.0,-19475.0,-46.25890736342043,20,35,1.75,0.2955801104972376,0.027624309392265192,A,False
2026000051,아산탕정자이 메트로시티(A3BL),084.9905A,3,84.9905,55900,same_sgg,64,671,29150.0,-26750.0,-47.85330948121646,580,4721,8.139655172413793,0.6024871355060034,0.005145797598627788,C,True
2026000051,아산탕정자이 메트로시티(A3BL),084.9923B,4,84.9923,55900,same_sgg,64,671,29150.0,-26750.0,-47.85330948121646,286,473,1.6538461538461535,0.6024871355060034,0.005145797598627788,C,True
2026000051,아산탕정자이 메트로시티(A3BL),084.9921C,5,84.9921,55200,same_sgg,64,671,29150.0,-26050.0,-47.19202898550724,46,198,4.304347826086956,0.6024871355060034,0.005145797598627788,C,True
2026000051,아산탕정자이 메트로시티(A3BL),084.9921D,6,84.9921,56100,same_sgg,64,671,29150.0,-26950.0,-48.03921568627451,57,119,2.087719298245614,0.6024871355060034,0.005145797598627788,C,True
2026000051,아산탕정자이 메트로시티(A3BL),084.9409E,7,84.9409,55900,same_sgg,64,671,29150.0,-26750.0,-47.85330948121646,27,54,2.0,0.6024871355060034,0.005145797598627788,C,True
2026000051,아산탕정자이 메트로시티(A3BL),125.6353A,8,125.6353,109300,same_sgg,4,27,29200.0,-80100.0,-73.28453796889296,6,405,67.5,0.2737585616438356,0.00684931506849315,B,False
2026000051,아산탕정자이 메트로시티(A3BL),125.9654B,9,125.9654,109200,same_sgg,3,17,29400.0,-79800.0,-73.07692307692307,5,119,23.8,0.5233843537414966,0.4885204081632653,C,True
2026000051,아산탕정자이 메트로시티(A3BL),125.8495C,10,125.8495,109000,same_sgg,3,17,29400.0,-79600.0,-73.02752293577981,1,44,44.0,0.5233843537414966,0.4885204081632653,C,True
2026000052,시흥거모B1 호반써밋,084.9979A,1,84.9979,59760,same_sgg,52,731,56350.0,-3410.0,-5.70615796519411,200,80,0.4,0.16215616681455192,0.007985803016858917,A,False
2026000052,시흥거모B1 호반써밋,084.9313B,2,84.9313,59690,same_sgg,52,731,56350.0,-3340.0,-5.595577148601106,70,11,0.1571428571428571,0.16215616681455192,0.007985803016858917,A,False
2026000053,공주월송 진아레히,084.9584A,1,84.9584,43900,same_dong,3,16,39800.0,-4100.0,-9.339407744874716,324,401,1.2376543209876545,0.15326633165829145,0.09798994974874371,B,True
2026000053,공주월송 진아레히,084.9739B,2,84.9739,42800,same_dong,3,16,39800.0,-3000.0,-7.009345794392523,139,60,0.4316546762589928,0.15326633165829145,0.09798994974874371,B,True
2026000055,의정부역 센트럴 아이파크,074.6029A,1,74.6029,73700,same_sgg,7,78,47950.0,-25750.0,-34.93894165535957,42,127,3.023809523809524,0.21428571428571427,0.005735140771637122,A,False
2026000055,의정부역 센트럴 아이파크,084.8422A,2,84.8422,82600,same_dong,3,45,58750.0,-23850.0,-28.87409200968523,94,200,2.127659574468085,0.21808510638297873,0.21063829787234042,C,True
2026000055,의정부역 센트럴 아이파크,084.7200B,3,84.72,80800,same_dong,3,45,58750.0,-22050.0,-27.289603960396043,141,55,0.3900709219858156,0.21808510638297873,0.21063829787234042,C,True
2026000057,에코델타시티 엘가 로제비앙,084.9345A,1,84.9345,60600,same_sgg,23,303,42200.0,-18400.0,-30.363036303630363,592,32,0.054054054054054,0.4046208530805687,0.027251184834123223,A,False
2026000057,에코델타시티 엘가 로제비앙,084.9647B,2,84.9647,54700,same_sgg,23,303,42200.0,-12500.0,-22.851919561243143,131,6,0.0458015267175572,0.4046208530805687,0.027251184834123223,A,False
2026000057,에코델타시티 엘가 로제비앙,084.9444C,3,84.9444,54700,same_sgg,23,303,42200.0,-12500.0,-22.851919561243143,58,9,0.1551724137931034,0.4046208530805687,0.027251184834123223,A,False
2026000057,에코델타시티 엘가 로제비앙,104.9329A,4,104.9329,77300,same_sgg,5,22,40200.0,-37100.0,-47.9948253557568,157,6,0.0382165605095541,0.0845771144278607,0.03233830845771144,A,False
2026000057,에코델타시티 엘가 로제비앙,104.9521B,5,104.9521,75900,same_sgg,5,22,40200.0,-35700.0,-47.03557312252965,53,0,0.0,0.0845771144278607,0.03233830845771144,A,False
2026000058,오티에르 반포,059.5839A,5,59.5839,204610,same_sgg,12,48,337500.0,132890.0,64.94794975807633,3,2819,939.6666666666666,0.6225925925925926,0.022222222222222223,C,True
2026000058,오티에르 반포,059.3427B,6,59.3427,200550,same_sgg,12,48,337500.0,136950.0,68.28721017202693,15,17713,1180.8666666666666,0.6225925925925926,0.022222222222222223,C,True
2026000058,오티에르 반포,084.9499A,7,84.9499,275650,same_sgg,16,82,187875.0,-87775.0,-31.842916742245603,4,3077,769.25,1.072521623419827,0.03260146373918829,C,True
2026000058,오티에르 반포,113.9162A,10,113.9162,347090,same_sgg,3,12,200000.0,-147090.0,-42.37805756432049,1,106,106.0,0.72375,0.70625,C,True
2026000058,오티에르 반포,115.9969A,12,115.9969,366890,same_sgg,4,15,277500.0,-89390.0,-24.364250865381997,2,306,153.0,0.6797297297297298,0.27927927927927926,C,True
2026000063,오션포레베네스트하우스(미단시티 공동8BL),084.8443 ,1,84.8443,43300,same_sgg,17,235,44650.0,1350.0,3.117782909930716,142,11,0.0774647887323943,0.11198208286674133,0.003919372900335946,A,False
2026000063,오션포레베네스트하우스(미단시티 공동8BL),084.9673 ,2,84.9673,44200,same_sgg,17,235,44650.0,450.0,1.0180995475113122,3,5,1.6666666666666667,0.11198208286674133,0.003919372900335946,A,False
2026000063,오션포레베네스트하우스(미단시티 공동8BL),084.9673B,3,84.9673,48500,same_sgg,17,235,44650.0,-3850.0,-7.938144329896906,53,8,0.1509433962264151,0.11198208286674133,0.003919372900335946,A,False
2026000063,오션포레베네스트하우스(미단시티 공동8BL),084.8474C,4,84.8474,43300,same_sgg,17,235,44650.0,1350.0,3.117782909930716,51,2,0.0392156862745098,0.11198208286674133,0.003919372900335946,A,False
2026000064,더샵 신길센트럴시티,059.9973A,6,59.9973,145000,same_dong,8,69,159500.0,14500.0,10.0,16,663,41.4375,0.07601880877742946,0.003134796238244514,A,False
2026000064,더샵 신길센트럴시티,059.9945B,7,59.9945,145000,same_dong,8,69,159500.0,14500.0,10.0,54,2727,50.5,0.07601880877742946,0.003134796238244514,A,False
2026000064,더샵 신길센트럴시티,059.9903C,8,59.9903,146000,same_dong,8,69,159500.0,13500.0,9.246575342465754,15,439,29.266666666666666,0.07601880877742946,0.003134796238244514,A,False
2026000064,더샵 신길센트럴시티,059.9987D,9,59.9987,145000,same_dong,8,69,159500.0,14500.0,10.0,14,301,21.5,0.07601880877742946,0.003134796238244514,A,False
2026000064,더샵 신길센트럴시티,084.9993A,15,84.9993,186000,same_dong,11,102,164000.0,-22000.0,-11.827956989247312,9,479,53.22222222222222,0.2652439024390244,0.04496951219512195,A,False
2026000064,더샵 신길센트럴시티,084.9977B,16,84.9977,188000,same_dong,11,102,164000.0,-24000.0,-12.76595744680851,1,102,102.0,0.2652439024390244,0.04496951219512195,A,False
2026000065,검단호수공원역 파라곤(AA36BL),084.7722A,1,84.7722,64500,same_dong,7,46,43500.0,-21000.0,-32.55813953488372,107,3068,28.672897196261683,0.4221264367816092,0.12643678160919541,B,False
2026000065,검단호수공원역 파라곤(AA36BL),084.7572B,2,84.7572,64400,same_dong,7,46,43500.0,-20900.0,-32.45341614906832,97,3309,34.11340206185567,0.4221264367816092,0.12643678160919541,B,False
2026000066,한화포레나 부산당리,059.9714 ,1,59.9714,56700,same_sgg,14,111,25300.0,-31400.0,-55.37918871252205,127,35,0.2755905511811024,0.35355731225296444,0.007905138339920948,A,False
2026000066,한화포레나 부산당리,084.9995 ,2,84.9995,78700,same_sgg,23,240,32100.0,-46600.0,-59.21219822109276,49,32,0.6530612244897959,0.5432242990654206,0.02336448598130841,A,False
2026000066,한화포레나 부산당리,101.6522 ,3,101.6522,98800,same_sgg,3,19,38250.0,-60550.0,-61.28542510121457,7,10,1.4285714285714286,0.5581699346405229,0.4869281045751634,C,True
2026000069,야목역 서희스타힐스 그랜드힐,059.9567A,1,59.9567,41900,same_sgg,10,137,37312.5,-4587.5,-10.94868735083532,55,26,0.4727272727272727,0.22948073701842547,0.018425460636515914,A,False
2026000069,야목역 서희스타힐스 그랜드힐,059.9649B,2,59.9649,41700,same_sgg,10,137,37312.5,-4387.5,-10.521582733812949,5,6,1.2,0.22948073701842547,0.018425460636515914,A,False
2026000069,야목역 서희스타힐스 그랜드힐,059.9747C,3,59.9747,42500,same_sgg,10,137,37312.5,-5187.5,-12.205882352941176,3,7,2.333333333333333,0.22948073701842547,0.018425460636515914,A,False
2026000069,야목역 서희스타힐스 그랜드힐,084.9501A,4,84.9501,57600,same_sgg,25,322,38600.0,-19000.0,-32.98611111111111,62,11,0.1774193548387097,0.3082901554404145,0.03626943005181347,A,False
2026000069,야목역 서희스타힐스 그랜드힐,084.9553B,5,84.9553,56600,same_sgg,25,322,38600.0,-18000.0,-31.802120141342755,94,13,0.1382978723404255,0.3082901554404145,0.03626943005181347,A,False
2026000070,힐스테이트 안양펠루스,040.5800 ,1,40.58,54140,same_dong,3,102,41000.0,-13140.0,-24.27041004802364,2,23,11.5,0.08902439024390243,0.0524390243902439,B,True
2026000070,힐스테이트 안양펠루스,050.0400 ,5,50.04,62550,same_dong,4,22,57500.0,-5050.0,-8.073541167066347,3,21,7.0,0.08586956521739131,0.02608695652173913,B,False
2026000070,힐스테이트 안양펠루스,061.1400 ,6,61.14,82370,same_dong,13,276,56700.0,-25670.0,-31.16425883209907,4,12,3.0,0.2821869488536155,0.037037037037037035,A,False
2026000070,힐스테이트 안양펠루스,065.0000 ,7,65.0,82350,same_dong,4,32,55275.0,-27075.0,-32.87795992714025,4,13,3.25,0.23179556761646314,0.03844414292175486,B,False
2026000070,힐스테이트 안양펠루스,066.2800A,8,66.28,83910,same_sgg,4,22,58625.0,-25285.0,-30.133476343701588,5,11,2.2,0.22707889125799574,0.07462686567164178,B,False
2026000070,힐스테이트 안양펠루스,066.4900B,9,66.49,84150,same_sgg,4,22,58625.0,-25525.0,-30.33273915626857,2,11,5.5,0.22707889125799574,0.07462686567164178,B,False
2026000073,풍무역세권 수자인 그라센트 2차,084.9939 ,1,84.9939,71150,same_sgg,59,846,46150.0,-25000.0,-35.137034434293746,337,519,1.540059347181009,0.3423618634886241,0.009209100758396533,A,False
2026000073,풍무역세권 수자인 그라센트 2차,105.2083 ,2,105.2083,82530,same_sgg,17,140,60750.0,-21780.0,-26.39040348964013,129,77,0.5968992248062015,0.3172839506172839,0.043209876543209874,A,False
2026000074,엄궁역 트라비스 하늘채,059.0000A,1,59.0,49950,same_sgg,6,55,34475.0,-15475.0,-30.98098098098098,254,161,0.6338582677165354,0.6279912980420594,0.19651921682378534,C,True
2026000074,엄궁역 트라비스 하늘채,059.9847B,2,59.9847,48620,same_sgg,6,55,34475.0,-14145.0,-29.092965857671736,25,3,0.12,0.6279912980420594,0.19651921682378534,C,True
2026000074,엄궁역 트라비스 하늘채,074.9802A,3,74.9802,61630,same_sgg,5,31,34800.0,-26830.0,-43.53399318513711,6,12,2.0,0.5675287356321839,0.27227011494252873,C,True
2026000074,엄궁역 트라비스 하늘채,074.9891B,4,74.9891,59260,same_sgg,5,31,34800.0,-24460.0,-41.27573405332433,20,4,0.2,0.5675287356321839,0.27227011494252873,C,True
2026000074,엄궁역 트라비스 하늘채,084.9869A,5,84.9869,69780,same_sgg,8,88,39100.0,-30680.0,-43.96675265118945,329,339,1.0303951367781157,0.5686061381074169,0.0639386189258312,A,False
2026000074,엄궁역 트라비스 하늘채,084.9808B,6,84.9808,68540,same_sgg,8,88,39100.0,-29440.0,-42.95302013422819,265,35,0.1320754716981132,0.5686061381074169,0.0639386189258312,A,False
2026000074,엄궁역 트라비스 하늘채,084.9896C,7,84.9896,68970,same_sgg,8,88,39100.0,-29870.0,-43.30868493547919,36,7,0.1944444444444444,0.5686061381074169,0.0639386189258312,A,False
2026000075,창원자이 더 스카이,084.9951A,1,84.9951,93610,same_sgg,18,375,63600.0,-30010.0,-32.058540754192926,113,1307,11.56637168141593,0.39622641509433965,0.018867924528301886,A,False
2026000075,창원자이 더 스카이,084.9016B,2,84.9016,89940,same_sgg,18,375,63600.0,-26340.0,-29.286190793862577,63,138,2.1904761904761907,0.39622641509433965,0.018867924528301886,A,False
2026000075,창원자이 더 스카이,084.9771C,3,84.9771,91450,same_sgg,18,375,63600.0,-27850.0,-30.45379989065063,49,253,5.163265306122449,0.39622641509433965,0.018867924528301886,A,False
2026000075,창원자이 더 스카이,084.8846D,4,84.8846,91220,same_sgg,18,375,63600.0,-27620.0,-30.27844770883578,30,80,2.6666666666666665,0.39622641509433965,0.018867924528301886,A,False
2026000075,창원자이 더 스카이,106.5247A,5,106.5247,124100,same_sgg,6,31,70075.0,-54025.0,-43.5334407735697,40,212,5.3,0.26168391009632536,0.009632536567962896,A,False
2026000077,북전주 광신프로그레스,084.5406A,1,84.5406,44500,same_sgg,45,666,48000.0,3500.0,7.865168539325842,286,240,0.8391608391608392,0.43645833333333334,0.019791666666666666,A,False
2026000077,북전주 광신프로그레스,084.3996B,2,84.3996,44520,same_sgg,45,666,48000.0,3480.0,7.816711590296496,36,14,0.3888888888888889,0.43645833333333334,0.019791666666666666,A,False
2026000078,천안 동일하이빌 파크레인,084.4024A,1,84.4024,44700,same_sgg,48,604,40500.0,-4200.0,-9.395973154362416,167,12,0.0718562874251497,0.5351851851851852,0.01728395061728395,A,False
2026000078,천안 동일하이빌 파크레인,084.8374B,2,84.8374,42400,same_sgg,48,604,40500.0,-1900.0,-4.481132075471698,161,3,0.0186335403726708,0.5351851851851852,0.01728395061728395,A,False
2026000078,천안 동일하이빌 파크레인,084.5725C,3,84.5725,41300,same_sgg,48,604,40500.0,-800.0,-1.937046004842615,211,8,0.0379146919431279,0.5351851851851852,0.01728395061728395,A,False
2026000078,천안 동일하이빌 파크레인,084.4153D,4,84.4153,41700,same_sgg,48,604,40500.0,-1200.0,-2.877697841726619,137,1,0.0072992700729927,0.5351851851851852,0.01728395061728395,A,False
2026000078,천안 동일하이빌 파크레인,084.4742E,5,84.4742,44700,same_sgg,48,604,40500.0,-4200.0,-9.395973154362416,43,1,0.0232558139534883,0.5351851851851852,0.01728395061728395,A,False
2026000078,천안 동일하이빌 파크레인,084.7900F,6,84.79,45200,same_sgg,48,604,40500.0,-4700.0,-10.398230088495575,27,3,0.1111111111111111,0.5351851851851852,0.01728395061728395,A,False
2026000078,천안 동일하이빌 파크레인,084.9167G,7,84.9167,42200,same_sgg,48,604,40500.0,-1700.0,-4.028436018957346,142,1,0.0070422535211267,0.5351851851851852,0.01728395061728395,A,False
2026000082,골드클래스 시그니처,059.9263 ,3,59.9263,37840,same_sgg,25,282,31450.0,-6390.0,-16.88689217758985,60,1373,22.883333333333333,0.5914149443561209,0.054848966613672494,A,False
2026000082,골드클래스 시그니처,084.9899A,4,84.9899,54670,same_sgg,46,686,47625.0,-7045.0,-12.886409365282606,16,1292,80.75,0.4251968503937008,0.007874015748031496,A,False
2026000082,골드클래스 시그니처,084.9902B,5,84.9902,55301,same_sgg,46,686,47625.0,-7676.0,-13.880399992766856,36,2378,66.05555555555556,0.4251968503937008,0.007874015748031496,A,False
2026000082,골드클래스 시그니처,084.9732C,6,84.9732,53572,same_sgg,46,686,47625.0,-5947.0,-11.10094825655193,11,379,34.45454545454545,0.4251968503937008,0.007874015748031496,A,False
2026000082,골드클래스 시그니처,121.9577 ,7,121.9577,79981,same_sgg,14,87,62625.0,-17356.0,-21.700153786524297,33,729,22.09090909090909,0.5698602794411177,0.05788423153692615,A,False
2026000085,힐스테이트 평거 센트럴,084.3746A,1,84.3746,66000,same_dong,6,123,47450.0,-18550.0,-28.10606060606061,48,1456,30.33333333333333,0.1332982086406744,0.007376185458377239,A,False
2026000085,힐스테이트 평거 센트럴,084.9824B,2,84.9824,66600,same_dong,6,123,47450.0,-19150.0,-28.753753753753752,12,1552,129.33333333333334,0.1332982086406744,0.007376185458377239,A,False
2026000085,힐스테이트 평거 센트럴,105.9633A,3,105.9633,90400,same_sgg,10,73,46375.0,-44025.0,-48.70022123893805,75,258,3.44,0.4862533692722372,0.0016172506738544475,A,False
2026000085,힐스테이트 평거 센트럴,105.6430B,4,105.643,89400,same_dong,3,11,62000.0,-27400.0,-30.648769574944076,25,119,4.76,0.07661290322580645,0.04435483870967742,B,True
2026000085,힐스테이트 평거 센트럴,105.5065C,5,105.5065,91200,same_dong,3,11,62000.0,-29200.0,-32.01754385964912,24,368,15.333333333333334,0.07661290322580645,0.04435483870967742,B,True
2026000086,업성 푸르지오 레이크시티,072.7578A,1,72.7578,50890,same_sgg,23,188,33900.0,-16990.0,-33.385733935940266,474,98,0.2067510548523206,0.4616519174041298,0.04277286135693215,A,False
2026000086,업성 푸르지오 레이크시티,072.8526B,2,72.8526,51440,same_sgg,23,188,33900.0,-17540.0,-34.09797822706066,184,49,0.266304347826087,0.4616519174041298,0.04277286135693215,A,False
2026000086,업성 푸르지오 레이크시티,072.8920C,3,72.892,49980,same_sgg,23,188,33900.0,-16080.0,-32.172869147659064,38,6,0.1578947368421052,0.4616519174041298,0.04277286135693215,A,False
2026000086,업성 푸르지오 레이크시티,072.8938D,4,72.8938,50540,same_sgg,23,188,33900.0,-16640.0,-32.92441630391769,38,2,0.0526315789473684,0.4616519174041298,0.04277286135693215,A,False
2026000086,업성 푸르지오 레이크시티,084.9631A,5,84.9631,60990,same_sgg,50,611,40675.0,-20315.0,-33.308739137563535,174,221,1.2701149425287357,0.5325752919483713,0.010448678549477565,A,False
2026000086,업성 푸르지오 레이크시티,084.9637B,6,84.9637,61870,same_sgg,50,611,40675.0,-21195.0,-34.257313722321,48,529,11.020833333333334,0.5325752919483713,0.010448678549477565,A,False
2026000086,업성 푸르지오 레이크시티,084.9789C,7,84.9789,60620,same_sgg,50,611,40675.0,-19945.0,-32.90168261299901,110,59,0.5363636363636364,0.5325752919483713,0.010448678549477565,A,False
2026000086,업성 푸르지오 레이크시티,084.9924D,8,84.9924,61180,same_sgg,50,611,40675.0,-20505.0,-33.515854854527625,36,21,0.5833333333333334,0.5325752919483713,0.010448678549477565,A,False
2026000086,업성 푸르지오 레이크시티,095.7927A,9,95.7927,76960,same_sgg,13,78,77700.0,740.0,0.9615384615384616,226,418,1.8495575221238936,0.2097812097812098,0.010939510939510939,A,False
2026000086,업성 푸르지오 레이크시티,095.7890B,10,95.789,77920,same_sgg,13,78,77700.0,-220.0,-0.2823408624229979,72,150,2.083333333333333,0.2097812097812098,0.010939510939510939,A,False
2026000087,청주 푸르지오 씨엘리체,084.9904A,1,84.9904,52100,same_sgg,14,306,30650.0,-21450.0,-41.17082533589252,246,4252,17.284552845528456,0.13580750407830341,0.0032626427406199023,A,False
2026000087,청주 푸르지오 씨엘리체,084.9263B,2,84.9263,51000,same_sgg,14,306,30650.0,-20350.0,-39.90196078431373,127,407,3.204724409448819,0.13580750407830341,0.0032626427406199023,A,False
2026000087,청주 푸르지오 씨엘리체,084.9403C,3,84.9403,51600,same_sgg,14,306,30650.0,-20950.0,-40.60077519379845,138,397,2.8768115942028984,0.13580750407830341,0.0032626427406199023,A,False
2026000088,용인 양지 서희스타힐스 하이뷰,059.9671A,1,59.9671,42200,same_sgg,17,221,43000.0,800.0,1.895734597156398,91,18,0.1978021978021978,0.32558139534883723,0.03953488372093023,A,False
2026000088,용인 양지 서희스타힐스 하이뷰,059.9960B,2,59.996,42300,same_sgg,17,221,43000.0,700.0,1.6548463356973997,73,5,0.0684931506849315,0.32558139534883723,0.03953488372093023,A,False
2026000088,용인 양지 서희스타힐스 하이뷰,059.9759C,3,59.9759,42100,same_sgg,17,221,43000.0,900.0,2.137767220902613,60,2,0.0333333333333333,0.32558139534883723,0.03953488372093023,A,False
2026000088,용인 양지 서희스타힐스 하이뷰,074.9936A,5,74.9936,50100,same_sgg,11,70,49900.0,-200.0,-0.3992015968063871,33,8,0.2424242424242424,0.1843687374749499,0.04208416833667335,A,False
2026000088,용인 양지 서희스타힐스 하이뷰,074.9980B,6,74.998,49900,same_sgg,11,70,49900.0,0.0,0.0,45,3,0.0666666666666666,0.1843687374749499,0.04208416833667335,A,False
2026000088,용인 양지 서희스타힐스 하이뷰,084.9999A,7,84.9999,54400,same_sgg,33,355,48000.0,-6400.0,-11.76470588235294,54,13,0.2407407407407407,0.31875,0.010416666666666666,A,False
2026000088,용인 양지 서희스타힐스 하이뷰,084.9989B,8,84.9989,53900,same_sgg,33,355,48000.0,-5900.0,-10.946196660482377,43,2,0.0465116279069767,0.31875,0.010416666666666666,A,False
2026000089,강릉 우미 린 더 프리미어,084.9828A,1,84.9828,54640,same_dong,3,24,39500.0,-15140.0,-27.708638360175694,93,89,0.956989247311828,0.08987341772151898,0.07088607594936709,B,True
2026000089,강릉 우미 린 더 프리미어,084.8256B,2,84.8256,53460,same_dong,3,24,39500.0,-13960.0,-26.112981668537223,78,11,0.141025641025641,0.08987341772151898,0.07088607594936709,B,True
2026000089,강릉 우미 린 더 프리미어,084.9271C,3,84.9271,53260,same_dong,3,24,39500.0,-13760.0,-25.835523845287277,229,65,0.2838427947598253,0.08987341772151898,0.07088607594936709,B,True
2026000089,강릉 우미 린 더 프리미어,084.7928D,4,84.7928,53740,same_dong,3,24,39500.0,-14240.0,-26.497953107554896,15,1,0.0666666666666666,0.08987341772151898,0.07088607594936709,B,True
2026000089,강릉 우미 린 더 프리미어,084.9839E,5,84.9839,54840,same_dong,3,24,39500.0,-15340.0,-27.97228300510576,81,18,0.2222222222222222,0.08987341772151898,0.07088607594936709,B,True
2026000090,소제지구 A3BL 중흥S-클래스 우미린,084.9587A,1,84.9587,47550,same_sgg,29,250,36150.0,-11400.0,-23.974763406940063,419,201,0.4797136038186158,0.2503457814661134,0.006224066390041493,A,False
2026000090,소제지구 A3BL 중흥S-클래스 우미린,084.9965B,2,84.9965,47450,same_sgg,29,250,36150.0,-11300.0,-23.814541622760803,94,4,0.0425531914893617,0.2503457814661134,0.006224066390041493,A,False
2026000090,소제지구 A3BL 중흥S-클래스 우미린,084.9625C,3,84.9625,47600,same_sgg,29,250,36150.0,-11450.0,-24.054621848739497,184,48,0.2608695652173913,0.2503457814661134,0.006224066390041493,A,False
2026000090,소제지구 A3BL 중흥S-클래스 우미린,084.9538D,4,84.9538,47450,same_sgg,29,250,36150.0,-11300.0,-23.814541622760803,99,4,0.0404040404040404,0.2503457814661134,0.006224066390041493,A,False
2026000090,소제지구 A3BL 중흥S-클래스 우미린,084.9531E,5,84.9531,48250,same_sgg,29,250,36150.0,-12100.0,-25.077720207253883,10,15,1.5,0.2503457814661134,0.006224066390041493,A,False
2026000090,소제지구 A3BL 중흥S-클래스 우미린,084.9923F,6,84.9923,48050,same_sgg,29,250,36150.0,-11900.0,-24.765868886576484,9,32,3.555555555555556,0.2503457814661134,0.006224066390041493,A,False
2026000091,소제지구 A4BL 중흥S-클래스 우미린,084.9587A,1,84.9587,49100,same_sgg,29,250,36150.0,-12950.0,-26.37474541751528,227,274,1.2070484581497798,0.2503457814661134,0.006224066390041493,A,False
2026000091,소제지구 A4BL 중흥S-클래스 우미린,084.9965B,2,84.9965,49000,same_sgg,29,250,36150.0,-12850.0,-26.22448979591837,117,31,0.2649572649572649,0.2503457814661134,0.006224066390041493,A,False
2026000091,소제지구 A4BL 중흥S-클래스 우미린,084.9625C,3,84.9625,49300,same_sgg,29,250,36150.0,-13150.0,-26.673427991886413,77,55,0.7142857142857143,0.2503457814661134,0.006224066390041493,A,False
2026000091,소제지구 A4BL 중흥S-클래스 우미린,084.9538D,4,84.9538,49000,same_sgg,29,250,36150.0,-12850.0,-26.22448979591837,42,13,0.3095238095238095,0.2503457814661134,0.006224066390041493,A,False
2026000091,소제지구 A4BL 중흥S-클래스 우미린,084.9531E,5,84.9531,48800,same_sgg,29,250,36150.0,-12650.0,-25.922131147540984,15,7,0.4666666666666667,0.2503457814661134,0.006224066390041493,A,False
2026000091,소제지구 A4BL 중흥S-클래스 우미린,084.9923F,6,84.9923,49100,same_sgg,29,250,36150.0,-12950.0,-26.37474541751528,13,24,1.8461538461538465,0.2503457814661134,0.006224066390041493,A,False
2026000093,더샵 안동더퍼스트,084.9785A,2,84.9785,49810,same_dong,3,30,41000.0,-8810.0,-17.687211403332665,106,370,3.490566037735849,0.09390243902439024,0.08902439024390243,B,True
2026000093,더샵 안동더퍼스트,084.9702B,3,84.9702,48340,same_dong,3,30,41000.0,-7340.0,-15.1841125362019,87,1067,12.264367816091951,0.09390243902439024,0.08902439024390243,B,True
2026000093,더샵 안동더퍼스트,084.9571C,4,84.9571,48550,same_dong,3,30,41000.0,-7550.0,-15.550978372811535,17,254,14.941176470588236,0.09390243902439024,0.08902439024390243,B,True
2026000094,라클라체자이드파인,059.9116A,1,59.9116,215010,same_sgg,10,70,148900.0,-66110.0,-30.747407097344308,60,2430,40.5,0.2333781061114842,0.002686366689053056,A,False
2026000094,라클라체자이드파인,059.8054B,2,59.8054,218990,same_sgg,10,70,148900.0,-70090.0,-32.006027672496465,5,212,42.4,0.2333781061114842,0.002686366689053056,A,False
2026000094,라클라체자이드파인,059.9537C,3,59.9537,220880,same_sgg,10,70,148900.0,-71980.0,-32.58783049619703,16,597,37.3125,0.2333781061114842,0.002686366689053056,A,False
2026000094,라클라체자이드파인,084.9634A,4,84.9634,258510,same_sgg,26,194,177875.0,-80635.0,-31.192216935515063,28,598,21.357142857142858,0.354181307097681,0.016163035839775124,A,False
2026000094,라클라체자이드파인,084.9995B,5,84.9995,251350,same_sgg,26,194,177875.0,-73475.0,-29.232146409389298,40,736,18.4,0.354181307097681,0.016163035839775124,A,False
2026000094,라클라체자이드파인,084.9712C,6,84.9712,258320,same_sgg,26,194,177875.0,-80445.0,-31.141607308764325,10,141,14.1,0.354181307097681,0.016163035839775124,A,False
2026000096,천안 동문 디 이스트 파크시티,059.9018A,1,59.9018,42220,same_sgg,18,191,26175.0,-16045.0,-38.003315963998105,13,5,0.3846153846153846,0.30897803247373445,0.0066857688634192934,A,False
2026000096,천안 동문 디 이스트 파크시티,059.9659B,2,59.9659,41830,same_sgg,18,191,26175.0,-15655.0,-37.42529285202008,3,1,0.3333333333333333,0.30897803247373445,0.0066857688634192934,A,False
2026000096,천안 동문 디 이스트 파크시티,074.9271A,3,74.9271,50650,same_sgg,11,131,34400.0,-16250.0,-32.08292201382034,25,0,0.0,0.14534883720930233,0.01308139534883721,A,False
2026000096,천안 동문 디 이스트 파크시티,074.9536B,4,74.9536,50910,same_sgg,11,131,34400.0,-16510.0,-32.42977803967786,18,1,0.0555555555555555,0.14534883720930233,0.01308139534883721,A,False
2026000096,천안 동문 디 이스트 파크시티,084.9911A,5,84.9911,58250,same_sgg,37,453,26500.0,-31750.0,-54.506437768240346,228,3,0.0131578947368421,0.5056603773584906,0.024528301886792454,A,False
2026000096,천안 동문 디 이스트 파크시티,084.9755B,6,84.9755,58760,same_sgg,37,453,26500.0,-32260.0,-54.901293396868624,108,1,0.0092592592592592,0.5056603773584906,0.024528301886792454,A,False
2026000097,강릉 성보필리오 더센트럴힐즈,059.6730A,1,59.673,42430,same_sgg,6,97,27950.0,-14480.0,-34.12679707753948,12,1,0.0833333333333333,0.19499105545617174,0.07334525939177101,A,False
2026000097,강릉 성보필리오 더센트럴힐즈,059.9798B,2,59.9798,46559,same_sgg,6,97,27950.0,-18609.0,-39.968641938185954,51,0,0.0,0.19499105545617174,0.07334525939177101,A,False
2026000097,강릉 성보필리오 더센트럴힐즈,074.9678 ,3,74.9678,54175,same_sgg,8,57,33000.0,-21175.0,-39.08629441624365,49,0,0.0,0.38168939393939394,0.06060606060606061,A,False
2026000097,강릉 성보필리오 더센트럴힐즈,084.5203 ,4,84.5203,60248,same_dong,3,21,34500.0,-25748.0,-42.736688354800165,34,2,0.0588235294117647,0.22753623188405797,0.21304347826086956,C,True
2026000101,온천장 하늘채 엘리시움,073.9154 ,1,73.9154,70190,same_dong,7,52,47500.0,-22690.0,-32.326542242484685,15,17,1.1333333333333333,0.8589473684210527,0.17894736842105263,C,True
2026000101,온천장 하늘채 엘리시움,081.7466 ,2,81.7466,77960,same_dong,12,234,59950.0,-18010.0,-23.10159055926116,2,0,0.0,0.353628023352794,0.007506255212677231,A,False
2026000101,온천장 하늘채 엘리시움,084.8637A,3,84.8637,82000,same_dong,11,230,60400.0,-21600.0,-26.34146341463415,75,22,0.2933333333333333,0.3402317880794702,0.011589403973509934,A,False
2026000101,온천장 하늘채 엘리시움,084.8927B,4,84.8927,81580,same_dong,11,230,60400.0,-21180.0,-25.962245648443243,32,4,0.125,0.3402317880794702,0.011589403973509934,A,False
2026000102,울산신복역 비스타 메트로,084.9183A,1,84.9183,79500,same_dong,3,20,61900.0,-17600.0,-22.138364779874216,68,18,0.2647058823529412,0.1611470113085622,0.1280290791599354,B,True
2026000102,울산신복역 비스타 메트로,084.9279B,2,84.9279,79500,same_dong,3,20,61900.0,-17600.0,-22.138364779874216,68,20,0.2941176470588235,0.1611470113085622,0.1280290791599354,B,True
2026000102,울산신복역 비스타 메트로,084.9154C,3,84.9154,79500,same_dong,3,20,61900.0,-17600.0,-22.138364779874216,137,24,0.1751824817518248,0.1611470113085622,0.1280290791599354,B,True
2026000102,울산신복역 비스타 메트로,084.6110D,4,84.611,79500,same_dong,3,20,61900.0,-17600.0,-22.138364779874216,138,18,0.1304347826086956,0.1611470113085622,0.1280290791599354,B,True
2026000102,울산신복역 비스타 메트로,084.9260E,5,84.926,79100,same_dong,3,20,61900.0,-17200.0,-21.74462705436157,67,6,0.0895522388059701,0.1611470113085622,0.1280290791599354,B,True
2026000102,울산신복역 비스타 메트로,084.9260F,6,84.926,76000,same_dong,3,20,61900.0,-14100.0,-18.552631578947366,1,1,1.0,0.1611470113085622,0.1280290791599354,B,True
2026000103,더샵 분당하이스트,074.0000A,2,74.0,238200,same_sgg,6,21,220500.0,-17700.0,-7.43073047858942,3,22,7.333333333333333,0.29138321995464855,0.06575963718820861,A,False
2026000103,더샵 분당하이스트,074.0000B,3,74.0,238200,same_sgg,6,21,220500.0,-17700.0,-7.43073047858942,3,72,24.0,0.29138321995464855,0.06575963718820861,A,False
2026000103,더샵 분당하이스트,074.0000C,4,74.0,240200,same_sgg,6,21,220500.0,-19700.0,-8.201498751040798,2,12,6.0,0.29138321995464855,0.06575963718820861,A,False
2026000103,더샵 분당하이스트,074.4400D,5,74.44,235200,same_sgg,6,21,220500.0,-14700.0,-6.25,3,26,8.666666666666666,0.29138321995464855,0.06575963718820861,A,False
2026000103,더샵 분당하이스트,084.0000A,6,84.0,298100,same_sgg,24,166,178500.0,-119600.0,-40.12076484401207,8,75,9.375,0.27598039215686276,0.008403361344537815,A,False
2026000103,더샵 분당하이스트,084.0000B,7,84.0,295800,same_sgg,24,166,178500.0,-117300.0,-39.6551724137931,5,15,3.0,0.27598039215686276,0.008403361344537815,A,False
2026000103,더샵 분당하이스트,084.0000C,8,84.0,273900,same_sgg,24,166,178500.0,-95400.0,-34.8302300109529,2,16,8.0,0.27598039215686276,0.008403361344537815,A,False
2026000103,더샵 분당하이스트,084.0900D,9,84.09,276200,same_sgg,24,166,178500.0,-97700.0,-35.372918175235334,3,6,2.0,0.27598039215686276,0.008403361344537815,A,False
2026000103,더샵 분당하이스트,084.0000E,10,84.0,291100,same_sgg,24,166,178500.0,-112600.0,-38.68086568189625,4,16,4.0,0.27598039215686276,0.008403361344537815,A,False
2026000103,더샵 분당하이스트,084.7200F,11,84.72,290100,same_sgg,23,162,180000.0,-110100.0,-37.95243019648397,4,13,3.25,0.3120833333333333,0.011111111111111112,A,False
2026000103,더샵 분당하이스트,084.6400G,12,84.64,292000,same_sgg,23,162,180000.0,-112000.0,-38.35616438356164,2,19,9.5,0.3120833333333333,0.011111111111111112,A,False
2026000103,더샵 분당하이스트,084.7800H,13,84.78,290600,same_sgg,23,162,180000.0,-110600.0,-38.05918788713007,1,7,7.0,0.3120833333333333,0.011111111111111112,A,False
2026000104,도안자이 센텀리체 1단지,084.0000A,1,84.0,77620,same_sgg,50,905,49000.0,-28620.0,-36.871940221592375,403,1036,2.5707196029776678,0.510969387755102,0.0,A,False
2026000104,도안자이 센텀리체 1단지,084.9913C,2,84.9913,76920,same_sgg,49,899,49000.0,-27920.0,-36.29745189807592,154,158,1.025974025974026,0.5244897959183673,0.02040816326530612,A,False
2026000104,도안자이 센텀리체 1단지,099.0000A,3,99.0,99920,same_sgg,12,67,55387.5,-44532.5,-44.568154523618894,92,306,3.3260869565217392,0.4949221394719025,0.0954637779282329,A,False
2026000105,도안자이 센텀리체 2단지,084.0000A,1,84.0,77690,same_sgg,50,905,49000.0,-28690.0,-36.92881966791093,406,912,2.246305418719212,0.510969387755102,0.0,A,False
2026000105,도안자이 센텀리체 2단지,115.0000A,2,115.0,106990,same_sgg,4,28,76750.0,-30240.0,-28.264323768576503,197,274,1.3908629441624365,0.21986970684039087,0.05537459283387622,B,False
2026000105,도안자이 센텀리체 2단지,134.5594 ,3,134.5594,216990,same_sgg,9,32,76000.0,-140990.0,-64.975344485921,2,60,30.0,0.2565789473684211,0.03289473684210526,A,False
2026000107,경기광주역 롯데캐슬 시그니처 1단지,059.9299A,1,59.9299,63900,same_sgg,22,153,47675.0,-16225.0,-25.391236306729265,28,388,13.857142857142858,0.14341898269533299,0.0068169900367068695,A,False
2026000107,경기광주역 롯데캐슬 시그니처 1단지,059.8802B,2,59.8802,62900,same_sgg,22,153,47675.0,-15225.0,-24.20508744038156,25,148,5.92,0.14341898269533299,0.0068169900367068695,A,False
2026000107,경기광주역 롯데캐슬 시그니처 1단지,059.9281C,3,59.9281,61900,same_sgg,22,153,47675.0,-14225.0,-22.98061389337641,46,516,11.217391304347826,0.14341898269533299,0.0068169900367068695,A,False
2026000107,경기광주역 롯데캐슬 시그니처 1단지,084.9099A,4,84.9099,88200,same_dong,3,21,52250.0,-35950.0,-40.75963718820862,47,171,3.638297872340425,0.10430622009569378,0.06842105263157895,B,True
2026000107,경기광주역 롯데캐슬 시그니처 1단지,084.9326B,5,84.9326,87200,same_dong,3,21,52250.0,-34950.0,-40.0802752293578,400,287,0.7175,0.10430622009569378,0.06842105263157895,B,True
2026000107,경기광주역 롯데캐슬 시그니처 1단지,084.9481C,6,84.9481,86200,same_dong,3,21,52250.0,-33950.0,-39.38515081206496,63,39,0.6190476190476191,0.10430622009569378,0.06842105263157895,B,True
2026000107,경기광주역 롯데캐슬 시그니처 1단지,084.8671D,7,84.8671,87200,same_dong,3,21,52250.0,-34950.0,-40.0802752293578,85,123,1.4470588235294115,0.10430622009569378,0.06842105263157895,B,True
2026000109,아산경남아너스빌 랜드마크49,084.7557 ,1,84.7557,46150,same_sgg,64,679,29100.0,-17050.0,-36.944745395449615,248,3,0.0120967741935483,0.6121134020618557,0.003436426116838488,C,True
2026000109,아산경남아너스빌 랜드마크49,105.7905 ,3,105.7905,55890,same_sgg,10,60,53000.0,-2890.0,-5.170871354446234,167,1,0.0059880239520958,0.6849056603773584,0.018867924528301886,C,True
2026000110,엘리프 창원,076.2548A,1,76.2548,53600,same_sgg,7,37,27500.0,-26100.0,-48.69402985074627,62,1089,17.56451612903226,1.160909090909091,0.07909090909090909,C,True
2026000110,엘리프 창원,084.9621A,2,84.9621,59540,same_sgg,23,351,29150.0,-30390.0,-51.04131676184078,49,2064,42.12244897959184,0.7212692967409948,0.08147512864493997,C,True
2026000110,엘리프 창원,084.8884B,3,84.8884,58950,same_sgg,23,351,29150.0,-29800.0,-50.55131467345208,14,268,19.142857142857142,0.7212692967409948,0.08147512864493997,C,True
2026000111,더 플래티넘 파인애비뉴,074.8854 ,1,74.8854,47800,same_sgg,37,384,35000.0,-12800.0,-26.778242677824267,64,3,0.046875,0.3457142857142857,0.014285714285714285,A,False
2026000111,더 플래티넘 파인애비뉴,084.8949 ,2,84.8949,53900,same_sgg,91,1186,38000.0,-15900.0,-29.49907235621521,162,4,0.0246913580246913,0.4355263157894737,0.005263157894736842,A,False
2026000111,더 플래티넘 파인애비뉴,115.8766 ,3,115.8766,74600,same_sgg,4,28,69000.0,-5600.0,-7.506702412868632,91,1,0.0109890109890109,0.30344202898550726,0.043478260869565216,B,False
2026000112,용인 고림 동문 디 이스트,059.9010 ,1,59.901,56200,same_sgg,16,218,41000.0,-15200.0,-27.046263345195733,43,59,1.372093023255814,0.3406707317073171,0.036585365853658534,A,False
2026000112,용인 고림 동문 디 이스트,075.7753A,2,75.7753,67770,same_dong,4,21,53150.0,-14620.0,-21.57296738970045,125,15,0.12,0.145343367826905,0.06867356538099718,B,False
2026000112,용인 고림 동문 디 이스트,075.7218B,3,75.7218,66930,same_dong,4,21,53150.0,-13780.0,-20.58867473479755,40,4,0.1,0.145343367826905,0.06867356538099718,B,False
2026000112,용인 고림 동문 디 이스트,084.7910A,4,84.791,71570,same_dong,4,32,57950.0,-13620.0,-19.0303199664664,64,14,0.21875,0.15012942191544434,0.06988783433994823,B,False
2026000112,용인 고림 동문 디 이스트,084.7677B,5,84.7677,70570,same_dong,4,32,57950.0,-12620.0,-17.88295309621652,36,1,0.0277777777777777,0.15012942191544434,0.06988783433994823,B,False
2026000114,공덕역자이르네,059.9880A,5,59.988,176900,same_sgg,12,56,213750.0,36850.0,20.830977953646126,17,1488,87.52941176470588,0.3611111111111111,0.019883040935672516,A,False
2026000114,공덕역자이르네,059.2820B,6,59.282,169300,same_sgg,12,56,213750.0,44450.0,26.25516834022445,30,2100,70.0,0.3611111111111111,0.019883040935672516,A,False
2026000116,아크로 리버스카이,059.9912A,6,59.9912,217940,same_sgg,12,92,157325.0,-60615.0,-27.81270074332385,6,346,57.66666666666666,0.3047830923248053,0.017003019227713332,A,False
2026000116,아크로 리버스카이,059.9866B,7,59.9866,215280,same_sgg,12,92,157325.0,-57955.0,-26.92075436640654,4,77,19.25,0.3047830923248053,0.017003019227713332,A,False
2026000116,아크로 리버스카이,084.9549A,8,84.9549,274640,same_sgg,25,173,176250.0,-98390.0,-35.82508010486455,32,462,14.4375,0.4056737588652482,0.019148936170212766,A,False
2026000116,아크로 리버스카이,084.9645B,9,84.9645,276470,same_sgg,25,173,176250.0,-100220.0,-36.249864361413536,26,178,6.846153846153846,0.4056737588652482,0.019148936170212766,A,False
2026000116,아크로 리버스카이,084.9145C,10,84.9145,271190,same_sgg,25,173,176250.0,-94940.0,-35.008665511265164,17,105,6.176470588235294,0.4056737588652482,0.019148936170212766,A,False
2026000116,아크로 리버스카이,084.9898T,11,84.9898,279580,same_sgg,25,173,176250.0,-103330.0,-36.959009943486656,3,38,12.666666666666666,0.4056737588652482,0.019148936170212766,A,False
2026000120,써밋 더힐,059.8700A,5,59.87,222210,same_sgg,12,92,157325.0,-64885.0,-29.199855992079566,92,3404,37.0,0.3047830923248053,0.017003019227713332,A,False
2026000120,써밋 더힐,059.8800B,6,59.88,209150,same_sgg,12,92,157325.0,-51825.0,-24.77886684197944,6,101,16.833333333333332,0.3047830923248053,0.017003019227713332,A,False
2026000120,써밋 더힐,059.9200C,7,59.92,222860,same_sgg,12,92,157325.0,-65535.0,-29.406353764695325,25,455,18.2,0.3047830923248053,0.017003019227713332,A,False
2026000120,써밋 더힐,059.8800D,8,59.88,219610,same_sgg,12,92,157325.0,-62285.0,-28.361641091025,46,1244,27.043478260869566,0.3047830923248053,0.017003019227713332,A,False
2026000120,써밋 더힐,059.9700E,9,59.97,224700,same_sgg,12,92,157325.0,-67375.0,-29.98442367601246,9,185,20.55555555555556,0.3047830923248053,0.017003019227713332,A,False
2026000120,써밋 더힐,059.9700F,10,59.97,209950,same_sgg,12,92,157325.0,-52625.0,-25.06549178375804,10,159,15.9,0.3047830923248053,0.017003019227713332,A,False
2026000120,써밋 더힐,084.9000A,11,84.9,295890,same_dong,4,32,230250.0,-65640.0,-22.18391969988847,8,482,60.25,0.06406080347448426,0.02280130293159609,B,False
2026000120,써밋 더힐,084.7800C,12,84.78,297820,same_dong,4,32,230250.0,-67570.0,-22.688200926734268,1,78,78.0,0.06406080347448426,0.02280130293159609,B,False
2026000121,문수로 라티에르 673,084.9421A,1,84.9421,90500,same_dong,14,187,59850.0,-30650.0,-33.86740331491713,58,27,0.4655172413793103,0.5147243107769424,0.023391812865497075,A,False
2026000121,문수로 라티에르 673,084.8550B,2,84.855,91500,same_dong,15,190,58450.0,-33050.0,-36.12021857923497,15,13,0.8666666666666667,0.6268177929854577,0.023952095808383235,C,True
2026000121,문수로 라티에르 673,084.8958C,3,84.8958,91000,same_dong,15,190,58450.0,-32550.0,-35.76923076923077,59,29,0.4915254237288136,0.6268177929854577,0.023952095808383235,C,True
2026000121,문수로 라티에르 673,104.9032 ,4,104.9032,118300,same_dong,3,17,120000.0,1700.0,1.4370245139475908,61,3,0.0491803278688524,0.21041666666666667,0.21041666666666667,C,True
2026000124,고덕신도시 아테라 A-63블록 공공분양주택,074.5900A,1,74.59,47552,same_sgg,35,382,35100.0,-12452.0,-26.18606998654105,168,36,0.2142857142857142,0.32193732193732194,0.01282051282051282,A,False
2026000124,고덕신도시 아테라 A-63블록 공공분양주택,074.7200B,2,74.72,47635,same_sgg,35,382,35100.0,-12535.0,-26.314684580665475,123,20,0.1626016260162601,0.32193732193732194,0.01282051282051282,A,False
2026000124,고덕신도시 아테라 A-63블록 공공분양주택,084.5600A,3,84.56,53908,same_dong,13,223,55000.0,1092.0,2.0256733694442386,137,38,0.2773722627737226,0.16727272727272727,0.03636363636363636,A,False
2026000124,고덕신도시 아테라 A-63블록 공공분양주택,084.5600B,4,84.56,53908,same_dong,13,223,55000.0,1092.0,2.0256733694442386,149,17,0.1140939597315436,0.16727272727272727,0.03636363636363636,A,False
2026000124,고덕신도시 아테라 A-63블록 공공분양주택,084.9400C,5,84.94,54150,same_dong,13,223,55000.0,850.0,1.569713758079409,3,34,11.333333333333334,0.16727272727272727,0.03636363636363636,A,False
2026000126,안양 에버포레 자연앤 e편한세상(A2BL),084.9794A,1,84.9794,80170,same_sgg,16,179,85150.0,4980.0,6.211799925159037,17,1311,77.11764705882354,0.5711978860833823,0.060481503229594835,A,False
2026000126,안양 에버포레 자연앤 e편한세상(A2BL),084.9830B,2,84.983,79200,same_sgg,16,179,85150.0,5950.0,7.512626262626262,17,697,41.0,0.5711978860833823,0.060481503229594835,A,False
2026000126,안양 에버포레 자연앤 e편한세상(A2BL),084.9548C,3,84.9548,78790,same_sgg,16,179,85150.0,6360.0,8.072090366797816,15,641,42.73333333333333,0.5711978860833823,0.060481503229594835,A,False
2026000126,안양 에버포레 자연앤 e편한세상(A2BL),084.9603D,4,84.9603,80080,same_sgg,16,179,85150.0,5070.0,6.331168831168831,31,1919,61.903225806451616,0.5711978860833823,0.060481503229594835,A,False
2026000129,더샵 관저아르테,059.9015A,1,59.9015,47070,same_dong,3,51,33600.0,-13470.0,-28.616953473550037,23,403,17.52173913043478,0.11011904761904762,0.11011904761904762,B,True
2026000129,더샵 관저아르테,059.7714B,2,59.7714,46320,same_dong,3,51,33600.0,-12720.0,-27.46113989637305,45,322,7.155555555555556,0.11011904761904762,0.11011904761904762,B,True
2026000129,더샵 관저아르테,084.6688A,3,84.6688,64100,same_dong,5,63,50850.0,-13250.0,-20.67082683307332,106,1790,16.88679245283019,0.14749262536873156,0.0624385447394297,A,False
2026000129,더샵 관저아르테,084.4529B,4,84.4529,63250,same_dong,5,63,50850.0,-12400.0,-19.604743083003957,102,682,6.686274509803922,0.14749262536873156,0.0624385447394297,A,False
2026000130,PH159,069.7157A,1,69.7157,45000,same_sgg,3,16,43000.0,-2000.0,-4.444444444444445,8,2,0.25,0.21046511627906977,0.19883720930232557,B,True
2026000130,PH159,084.9163A,2,84.9163,54600,same_sgg,20,126,51825.0,-2775.0,-5.082417582417582,4,1,0.25,0.2846116739025567,0.006271104679208876,A,False
2026000130,PH159,084.7589B,3,84.7589,54600,same_sgg,20,126,51825.0,-2775.0,-5.082417582417582,4,0,0.0,0.2846116739025567,0.006271104679208876,A,False
2026000130,PH159,084.1386C,4,84.1386,53600,same_sgg,21,129,51500.0,-2100.0,-3.9179104477611935,4,1,0.25,0.2524271844660194,0.014563106796116505,A,False
2026000130,PH159,084.9333D,5,84.9333,54800,same_sgg,20,126,51825.0,-2975.0,-5.428832116788321,4,0,0.0,0.2846116739025567,0.006271104679208876,A,False
2026000130,PH159,084.8300E,6,84.83,55200,same_sgg,20,126,51825.0,-3375.0,-6.114130434782608,2,0,0.0,0.2846116739025567,0.006271104679208876,A,False
2026000130,PH159,084.1140F,7,84.114,54500,same_sgg,21,129,51500.0,-3000.0,-5.504587155963304,6,1,0.1666666666666666,0.2524271844660194,0.014563106796116505,A,False
2026000132,청주 한양립스 더 벨루체,059.9815A,1,59.9815,36444,same_sgg,3,34,25500.0,-10944.0,-30.029634507737903,96,26,0.2708333333333333,0.2852941176470588,0.19117647058823528,B,True
2026000132,청주 한양립스 더 벨루체,059.9538B,2,59.9538,37244,same_sgg,3,34,25500.0,-11744.0,-31.5325958543658,44,5,0.1136363636363636,0.2852941176470588,0.19117647058823528,B,True
2026000132,청주 한양립스 더 벨루체,075.9345A,3,75.9345,45490,same_sgg,8,72,41025.0,-4465.0,-9.815344031655307,26,10,0.3846153846153846,0.091102985984156,0.0006093845216331506,A,False
2026000132,청주 한양립스 더 벨루체,075.9813B,4,75.9813,46503,same_sgg,8,72,41025.0,-5478.0,-11.779885168698794,20,2,0.1,0.091102985984156,0.0006093845216331506,A,False
2026000132,청주 한양립스 더 벨루체,084.2548A,5,84.2548,50287,same_sgg,23,346,42000.0,-8287.0,-16.47940819694951,118,32,0.2711864406779661,0.17023809523809524,0.014285714285714285,A,False
2026000132,청주 한양립스 더 벨루체,084.6662B,6,84.6662,51575,same_sgg,23,346,42000.0,-9575.0,-18.565196316044595,77,10,0.1298701298701298,0.17023809523809524,0.014285714285714285,A,False
2026000138,힐스테이트 시흥더클래스,074.6595A,1,74.6595,77470,same_sgg,20,185,51175.0,-26295.0,-33.94217116303085,10,40,4.0,0.16609672691744015,0.011235955056179775,A,False
2026000138,힐스테이트 시흥더클래스,084.7599A,2,84.7599,87850,same_dong,5,104,59700.0,-28150.0,-32.043255549231645,349,78,0.2234957020057306,0.04355108877721943,0.010887772194304857,A,False
2026000138,힐스테이트 시흥더클래스,084.9615B,3,84.9615,87550,same_dong,5,104,59700.0,-27850.0,-31.810394060536836,27,11,0.4074074074074074,0.04355108877721943,0.010887772194304857,A,False
2026000146,기장 이진캐스빌 포레,059.9174 ,1,59.9174,39200,same_sgg,18,185,23675.0,-15525.0,-39.60459183673469,63,11,0.1746031746031746,0.3790918690601901,0.07074973600844774,A,False
2026000146,기장 이진캐스빌 포레,070.7905 ,2,70.7905,47660,same_sgg,5,16,27300.0,-20360.0,-42.71926143516576,74,5,0.0675675675675675,0.047619047619047616,0.020146520146520148,A,False
2026000147,힐스테이트 구월아트파크,084.9907A,1,84.9907,88800,same_dong,10,168,49850.0,-38950.0,-43.86261261261261,219,159,0.726027397260274,0.14844533600802406,0.003009027081243731,A,False
2026000147,힐스테이트 구월아트파크,084.9971B,2,84.9971,91300,same_dong,10,168,49850.0,-41450.0,-45.39978094194962,109,76,0.6972477064220184,0.14844533600802406,0.003009027081243731,A,False
2026000147,힐스테이트 구월아트파크,101.9965 ,3,101.9965,112900,same_sgg,6,32,52450.0,-60450.0,-53.54295837023915,123,37,0.3008130081300813,0.18994280266920877,0.029551954242135366,A,False
2026000149,엘리프 성성호수공원 1BL,084.9563A,1,84.9563,58860,same_sgg,51,634,41100.0,-17760.0,-30.173292558613657,96,5169,53.84375,0.5334549878345499,0.0170316301703163,A,False
2026000149,엘리프 성성호수공원 1BL,084.9527B,2,84.9527,56850,same_sgg,51,634,41100.0,-15750.0,-27.70448548812665,39,1450,37.17948717948718,0.5334549878345499,0.0170316301703163,A,False
2026000149,엘리프 성성호수공원 1BL,111.1359 ,3,111.1359,79940,same_sgg,3,15,83000.0,3060.0,3.827870903177383,244,3337,13.67622950819672,0.2289156626506024,0.1144578313253012,B,True
2026000150,엘리프 성성호수공원 2BL,084.9563A,1,84.9563,57100,same_sgg,51,634,41100.0,-16000.0,-28.021015761821367,212,1271,5.995283018867925,0.5334549878345499,0.0170316301703163,A,False
2026000150,엘리프 성성호수공원 2BL,084.9527B,2,84.9527,55150,same_sgg,51,634,41100.0,-14050.0,-25.475974614687217,149,219,1.4697986577181208,0.5334549878345499,0.0170316301703163,A,False
2026000150,엘리프 성성호수공원 2BL,111.1359 ,3,111.1359,77560,same_sgg,3,15,83000.0,5440.0,7.013924703455389,149,878,5.89261744966443,0.2289156626506024,0.1144578313253012,B,True
2026000152,e편한세상 부천 어반스퀘어,059.9000A,1,59.9,87080,same_sgg,11,102,58000.0,-29080.0,-33.3945796968305,169,462,2.733727810650888,0.15905172413793103,0.017241379310344827,A,False
2026000152,e편한세상 부천 어반스퀘어,059.7700B,2,59.77,85610,same_sgg,11,102,58000.0,-27610.0,-32.25090526807616,47,155,3.297872340425532,0.15905172413793103,0.017241379310344827,A,False
2026000152,e편한세상 부천 어반스퀘어,084.3400A,5,84.34,113900,same_sgg,14,228,71900.0,-42000.0,-36.87445127304653,34,176,5.176470588235294,0.22739916550764952,0.02920723226703755,A,False
2026000152,e편한세상 부천 어반스퀘어,084.6000B,6,84.6,110190,same_sgg,14,228,71900.0,-38290.0,-34.749069788547054,22,28,1.2727272727272727,0.22739916550764952,0.02920723226703755,A,False
2026000153,동작 센트럴 동문 디 이스트,058.6784A,6,58.6784,164700,same_dong,4,18,170400.0,5700.0,3.4608378870673957,4,590,147.5,0.042546948356807515,0.0029342723004694834,B,False
2026000153,동작 센트럴 동문 디 이스트,058.5476B,7,58.5476,164200,same_dong,4,18,170400.0,6200.0,3.775883069427528,4,388,97.0,0.042546948356807515,0.0029342723004694834,B,False
2026000153,동작 센트럴 동문 디 이스트,058.8959C,8,58.8959,161300,same_dong,4,18,170400.0,9100.0,5.641661500309982,3,189,63.0,0.042546948356807515,0.0029342723004694834,B,False
2026000153,동작 센트럴 동문 디 이스트,059.7098 ,9,59.7098,167100,same_dong,4,18,170400.0,3300.0,1.9748653500897664,3,596,198.66666666666663,0.042546948356807515,0.0029342723004694834,B,False
2026000153,동작 센트럴 동문 디 이스트,062.6550 ,10,62.655,170700,same_dong,4,18,170400.0,-300.0,-0.1757469244288224,2,294,147.0,0.042546948356807515,0.0029342723004694834,B,False
2026000154,고덕국제신도시 수자인풍경채 1단지,084.8390A,1,84.839,56710,same_dong,13,224,54900.0,-1810.0,-3.1916769529183564,158,130,0.8227848101265823,0.1657559198542805,0.037340619307832425,A,False
2026000154,고덕국제신도시 수자인풍경채 1단지,084.9914B,2,84.9914,56660,same_dong,13,224,54900.0,-1760.0,-3.106247793858101,139,30,0.2158273381294964,0.1657559198542805,0.037340619307832425,A,False
2026000154,고덕국제신도시 수자인풍경채 1단지,084.9865C,3,84.9865,55850,same_dong,13,224,54900.0,-950.0,-1.7009847806624887,90,32,0.3555555555555555,0.1657559198542805,0.037340619307832425,A,False
2026000154,고덕국제신도시 수자인풍경채 1단지,101.9956 ,4,101.9956,66400,same_dong,3,14,66600.0,200.0,0.3012048192771084,245,40,0.1632653061224489,0.14977477477477477,0.08746246246246246,B,True
2026000155,고덕국제신도시 수자인풍경채 2단지,084.8390A,1,84.839,56710,same_dong,13,224,54900.0,-1810.0,-3.1916769529183564,107,86,0.8037383177570093,0.1657559198542805,0.037340619307832425,A,False
2026000155,고덕국제신도시 수자인풍경채 2단지,084.9914B,2,84.9914,56660,same_dong,13,224,54900.0,-1760.0,-3.106247793858101,98,22,0.2244897959183673,0.1657559198542805,0.037340619307832425,A,False
2026000155,고덕국제신도시 수자인풍경채 2단지,084.9865C,3,84.9865,55850,same_dong,13,224,54900.0,-950.0,-1.7009847806624887,56,13,0.2321428571428571,0.1657559198542805,0.037340619307832425,A,False
2026000155,고덕국제신도시 수자인풍경채 2단지,101.9956 ,4,101.9956,66400,same_dong,3,14,66600.0,200.0,0.3012048192771084,167,31,0.18562874251497,0.14977477477477477,0.08746246246246246,B,True
2026000156,더 리치먼드 미아,059.8400A,2,59.84,95300,same_dong,7,70,87000.0,-8300.0,-8.709338929695697,7,98,14.0,0.12643678160919541,0.03017241379310345,A,False
2026000162,검암역자이르네,084.6120A,1,84.612,59410,same_sgg,35,638,59800.0,390.0,0.6564551422319475,107,346,3.233644859813084,0.1948160535117057,0.00794314381270903,A,False
2026000162,검암역자이르네,084.6297B,2,84.6297,58750,same_sgg,35,638,59800.0,1050.0,1.7872340425531916,170,264,1.5529411764705885,0.1948160535117057,0.00794314381270903,A,False
2026000162,검암역자이르네,084.6060C,3,84.606,58200,same_sgg,35,638,59800.0,1600.0,2.7491408934707904,102,55,0.5392156862745098,0.1948160535117057,0.00794314381270903,A,False
2026000163,메트로시티 자산 데시앙,059.8844A,1,59.8844,39970,same_sgg,10,51,21725.0,-18245.0,-45.64673505128847,100,554,5.54,0.5327963176064442,0.02186421173762946,A,False
2026000163,메트로시티 자산 데시앙,059.8891B,2,59.8891,39790,same_sgg,10,51,21725.0,-18065.0,-45.40085448605177,14,40,2.857142857142857,0.5327963176064442,0.02186421173762946,A,False
2026000163,메트로시티 자산 데시앙,072.7669A,3,72.7669,43930,same_sgg,6,60,30650.0,-13280.0,-30.22991122239927,115,1723,14.982608695652171,0.22145187601957586,0.0636215334420881,A,False
2026000163,메트로시티 자산 데시앙,072.4631B,4,72.4631,43650,same_sgg,6,60,30650.0,-13000.0,-29.782359679266897,56,473,8.446428571428571,0.22145187601957586,0.0636215334420881,A,False
2026000163,메트로시티 자산 데시앙,084.6653A,5,84.6653,54670,same_sgg,23,389,31700.0,-22970.0,-42.01573074812512,12,735,61.25,0.4400630914826498,0.031545741324921134,A,False
2026000163,메트로시티 자산 데시앙,084.6222B,6,84.6222,54620,same_sgg,23,389,31700.0,-22920.0,-41.962651043573786,42,1262,30.047619047619047,0.4400630914826498,0.031545741324921134,A,False
2026000164,더샵 송도그란테르 G5-1블록,084.8600A,1,84.86,130800,same_dong,47,691,79000.0,-51800.0,-39.60244648318042,19,450,23.68421052631579,0.20158227848101265,0.006329113924050633,A,False
2026000164,더샵 송도그란테르 G5-1블록,084.2800B,2,84.28,131500,same_dong,47,691,79000.0,-52500.0,-39.92395437262358,50,651,13.02,0.20158227848101265,0.006329113924050633,A,False
2026000164,더샵 송도그란테르 G5-1블록,084.1200C,3,84.12,131800,same_dong,47,691,79000.0,-52800.0,-40.06069802731411,50,2448,48.96,0.20158227848101265,0.006329113924050633,A,False
2026000164,더샵 송도그란테르 G5-1블록,102.9300A,4,102.93,155200,same_dong,16,85,91750.0,-63450.0,-40.88273195876289,37,474,12.81081081081081,0.19291553133514985,0.008174386920980926,A,False
2026000164,더샵 송도그란테르 G5-1블록,102.5000B,5,102.5,154600,same_dong,16,85,91750.0,-62850.0,-40.65329883570504,37,1079,29.16216216216216,0.19291553133514985,0.008174386920980926,A,False
2026000164,더샵 송도그란테르 G5-1블록,102.4100C,6,102.41,152800,same_dong,16,85,91750.0,-61050.0,-39.95418848167539,65,820,12.615384615384617,0.19291553133514985,0.008174386920980926,A,False
2026000164,더샵 송도그란테르 G5-1블록,102.5100D,7,102.51,155300,same_dong,16,85,91750.0,-63550.0,-40.92079845460399,22,204,9.272727272727272,0.19291553133514985,0.008174386920980926,A,False
2026000164,더샵 송도그란테르 G5-1블록,102.5100E,8,102.51,155300,same_dong,16,85,91750.0,-63550.0,-40.92079845460399,20,154,7.7,0.19291553133514985,0.008174386920980926,A,False
2026000164,더샵 송도그란테르 G5-1블록,124.5700A,9,124.57,193500,same_dong,6,22,104000.0,-89500.0,-46.253229974160206,37,150,4.054054054054054,0.27163461538461536,0.052884615384615384,A,False
2026000164,더샵 송도그란테르 G5-1블록,124.8100B,10,124.81,194300,same_dong,5,19,98500.0,-95800.0,-49.30519814719506,66,262,3.9696969696969697,0.16751269035532995,0.05583756345177665,A,False
2026000164,더샵 송도그란테르 G5-1블록,124.9800C,11,124.98,195400,same_dong,5,19,98500.0,-96900.0,-49.590583418628455,22,170,7.727272727272727,0.16751269035532995,0.05583756345177665,A,False
2026000164,더샵 송도그란테르 G5-1블록,124.9800D,12,124.98,195400,same_dong,5,19,98500.0,-96900.0,-49.590583418628455,20,124,6.2,0.16751269035532995,0.05583756345177665,A,False
2026000164,더샵 송도그란테르 G5-1블록,128.4500A,13,128.45,197100,same_dong,4,14,95750.0,-101350.0,-51.42059868087265,65,365,5.615384615384615,0.20234986945169714,0.028720626631853787,B,False
2026000164,더샵 송도그란테르 G5-1블록,128.1300B,14,128.13,197800,same_dong,3,11,93000.0,-104800.0,-52.98281092012134,22,186,8.454545454545455,0.11290322580645161,0.08333333333333333,B,True
2026000164,더샵 송도그란테르 G5-1블록,128.1300C,15,128.13,197800,same_dong,3,11,93000.0,-104800.0,-52.98281092012134,20,257,12.85,0.11290322580645161,0.08333333333333333,B,True
2026000165,더샵 송도그란테르 G5-3블록,084.2300K,1,84.23,126400,same_dong,47,691,79000.0,-47400.0,-37.5,13,212,16.307692307692307,0.20158227848101265,0.006329113924050633,A,False
2026000165,더샵 송도그란테르 G5-3블록,118.2300K,2,118.23,181200,same_dong,12,76,88237.5,-92962.5,-51.30380794701986,43,443,10.30232558139535,0.18246210511403882,0.004391556877744723,A,False
2026000165,더샵 송도그란테르 G5-3블록,129.4600K,3,129.46,211400,same_dong,6,23,94250.0,-117150.0,-55.41627246925261,1,17,17.0,0.17374005305039789,0.013262599469496022,A,False
2026000166,더샵 송도그란테르 G5-4블록,084.2300K,1,84.23,125100,same_dong,47,691,79000.0,-46100.0,-36.85051958433254,16,131,8.1875,0.20158227848101265,0.006329113924050633,A,False
2026000166,더샵 송도그란테르 G5-4블록,118.2300K,2,118.23,179300,same_dong,12,76,88237.5,-91062.5,-50.7877858337981,47,127,2.702127659574468,0.18246210511403882,0.004391556877744723,A,False
2026000166,더샵 송도그란테르 G5-4블록,129.4600K,3,129.46,214600,same_dong,6,23,94250.0,-120350.0,-56.08108108108109,1,18,18.0,0.17374005305039789,0.013262599469496022,A,False
2026000167,더샵 송도그란테르 G5-5블록,084.2300K,1,84.23,128100,same_dong,47,691,79000.0,-49100.0,-38.32943013270882,13,508,39.07692307692308,0.20158227848101265,0.006329113924050633,A,False
2026000167,더샵 송도그란테르 G5-5블록,118.2300K,2,118.23,183500,same_dong,12,76,88237.5,-95262.5,-51.9141689373297,53,330,6.226415094339623,0.18246210511403882,0.004391556877744723,A,False
2026000167,더샵 송도그란테르 G5-5블록,129.4600K,3,129.46,212200,same_dong,6,23,94250.0,-117950.0,-55.58435438265788,1,34,34.0,0.17374005305039789,0.013262599469496022,A,False
2026000168,더샵 송도그란테르 G5-6블록,084.2300K,1,84.23,130600,same_dong,47,691,79000.0,-51600.0,-39.50995405819295,14,1930,137.85714285714286,0.20158227848101265,0.006329113924050633,A,False
2026000168,더샵 송도그란테르 G5-6블록,118.2300K,2,118.23,187100,same_dong,12,76,88237.5,-98862.5,-52.83939070016034,51,1071,21.0,0.18246210511403882,0.004391556877744723,A,False
2026000168,더샵 송도그란테르 G5-6블록,129.4600K,3,129.46,223800,same_dong,6,23,94250.0,-129550.0,-57.88650580875782,1,119,119.0,0.17374005305039789,0.013262599469496022,A,False
2026000169,더샵 송도그란테르 G5-11블록,084.8600H,1,84.86,123300,same_dong,47,691,79000.0,-44300.0,-35.9286293592863,14,212,15.142857142857142,0.20158227848101265,0.006329113924050633,A,False
2026000169,더샵 송도그란테르 G5-11블록,084.7800I,2,84.78,124100,same_dong,47,691,79000.0,-45100.0,-36.34165995165189,15,157,10.466666666666669,0.20158227848101265,0.006329113924050633,A,False
2026000169,더샵 송도그란테르 G5-11블록,084.5600J,3,84.56,124000,same_dong,47,691,79000.0,-45000.0,-36.29032258064516,15,492,32.8,0.20158227848101265,0.006329113924050633,A,False
2026000169,더샵 송도그란테르 G5-11블록,100.9800A,4,100.98,150000,same_dong,15,80,91000.0,-59000.0,-39.33333333333333,27,468,17.333333333333332,0.18186813186813186,0.02197802197802198,A,False
2026000169,더샵 송도그란테르 G5-11블록,100.5800B,5,100.58,146100,same_dong,16,92,91750.0,-54350.0,-37.20054757015743,27,1272,47.11111111111112,0.19564032697547684,0.008174386920980926,A,False
2026000169,더샵 송도그란테르 G5-11블록,100.9500C,6,100.95,147300,same_dong,15,80,91000.0,-56300.0,-38.22131704005431,29,373,12.862068965517242,0.18186813186813186,0.02197802197802198,A,False
2026000169,더샵 송도그란테르 G5-11블록,124.7300H,7,124.73,181900,same_dong,5,19,98500.0,-83400.0,-45.84936778449698,27,319,11.814814814814817,0.16751269035532995,0.05583756345177665,A,False
2026000169,더샵 송도그란테르 G5-11블록,124.8300I,8,124.83,181900,same_dong,5,19,98500.0,-83400.0,-45.84936778449698,29,238,8.206896551724139,0.16751269035532995,0.05583756345177665,A,False
2026000169,더샵 송도그란테르 G5-11블록,128.1100H,9,128.11,184100,same_dong,3,11,93000.0,-91100.0,-49.48397609994568,29,288,9.93103448275862,0.11290322580645161,0.08333333333333333,B,True
2026000170,상주북천 하늘채 파크원,084.9644A,2,84.9644,45400,same_sgg,3,12,38700.0,-6700.0,-14.757709251101325,65,308,4.7384615384615385,0.07493540051679587,0.040051679586563305,B,True
2026000170,상주북천 하늘채 파크원,084.9697B,3,84.9697,45400,same_sgg,3,12,38700.0,-6700.0,-14.757709251101325,117,659,5.632478632478633,0.07493540051679587,0.040051679586563305,B,True
2026000170,상주북천 하늘채 파크원,084.9689C,4,84.9689,44800,same_sgg,3,12,38700.0,-6100.0,-13.616071428571429,38,77,2.026315789473684,0.07493540051679587,0.040051679586563305,B,True
2026000172,두산위브 트리니뷰 구명역,074.9671A,1,74.9671,68700,same_sgg,8,41,45600.0,-23100.0,-33.624454148471614,17,33,1.9411764705882355,0.4753289473684211,0.019736842105263157,A,False
2026000172,두산위브 트리니뷰 구명역,074.9653B,2,74.9653,67200,same_sgg,8,41,45600.0,-21600.0,-32.142857142857146,17,12,0.7058823529411765,0.4753289473684211,0.019736842105263157,A,False
2026000172,두산위브 트리니뷰 구명역,084.9841A,3,84.9841,75900,same_dong,3,17,44350.0,-31550.0,-41.567852437417656,160,107,0.66875,0.3416009019165727,0.2181510710259301,C,True
2026000172,두산위브 트리니뷰 구명역,084.9794B,4,84.9794,75900,same_dong,3,17,44350.0,-31550.0,-41.567852437417656,25,8,0.32,0.3416009019165727,0.2181510710259301,C,True
2026000172,두산위브 트리니뷰 구명역,084.9830C,5,84.983,75900,same_dong,3,17,44350.0,-31550.0,-41.567852437417656,32,21,0.65625,0.3416009019165727,0.2181510710259301,C,True
2026000173,더 리치먼드 리버센트 소양,084.9211A,1,84.9211,58890,same_sgg,38,467,33500.0,-25390.0,-43.11428086262523,22,35,1.5909090909090908,0.41044776119402987,0.005970149253731343,A,False
2026000173,더 리치먼드 리버센트 소양,084.7112B,2,84.7112,58120,same_sgg,38,467,33500.0,-24620.0,-42.36063317274604,24,10,0.4166666666666667,0.41044776119402987,0.005970149253731343,A,False
2026000173,더 리치먼드 리버센트 소양,084.9304C,3,84.9304,57110,same_sgg,38,467,33500.0,-23610.0,-41.3412712309578,25,5,0.2,0.41044776119402987,0.005970149253731343,A,False
2026000173,더 리치먼드 리버센트 소양,084.9891D,4,84.9891,57810,same_sgg,38,467,33500.0,-24310.0,-42.05154817505622,24,2,0.0833333333333333,0.41044776119402987,0.005970149253731343,A,False
2026000173,더 리치먼드 리버센트 소양,084.8973E,5,84.8973,55510,same_sgg,38,467,33500.0,-22010.0,-39.65051342100522,25,2,0.08,0.41044776119402987,0.005970149253731343,A,False
2026000173,더 리치먼드 리버센트 소양,084.9725F,6,84.9725,55600,same_sgg,38,467,33500.0,-22100.0,-39.74820143884892,25,7,0.28,0.41044776119402987,0.005970149253731343,A,False
2026000173,더 리치먼드 리버센트 소양,084.9826G,7,84.9826,58360,same_sgg,38,467,33500.0,-24860.0,-42.59766963673749,25,7,0.28,0.41044776119402987,0.005970149253731343,A,False
2026000174,더샵 중앙로역센터폴,084.9627A,1,84.9627,79831,same_sgg,31,594,53500.0,-26331.0,-32.98342749057384,116,19,0.1637931034482758,0.2684859813084112,0.002803738317757009,A,False
2026000174,더샵 중앙로역센터폴,084.9982B,2,84.9982,79099,same_sgg,30,585,53650.0,-25449.0,-32.17360522889038,114,4,0.0350877192982456,0.24826654240447343,0.0027958993476234857,A,False
2026000174,더샵 중앙로역센터폴,084.9651C,3,84.9651,78493,same_sgg,31,594,53500.0,-24993.0,-31.841055890334168,59,3,0.0508474576271186,0.2684859813084112,0.002803738317757009,A,False
2026000178,중앙하이츠 원종역,059.6000E,1,59.6,47900,same_sgg,3,25,47750.0,-150.0,-0.313152400835073,1,7,7.0,0.1094240837696335,0.08952879581151832,B,True
2026000178,중앙하이츠 원종역,060.2700E,2,60.27,48240,same_sgg,3,25,47750.0,-490.0,-1.01575456053068,8,10,1.25,0.1094240837696335,0.08952879581151832,B,True
2026000184,익산 펠리피아,084.9949A,1,84.9949,41500,same_sgg,32,293,29250.0,-12250.0,-29.518072289156628,94,3,0.0319148936170212,0.25769230769230766,0.008547008547008548,A,False
2026000184,익산 펠리피아,084.9973B,2,84.9973,41800,same_sgg,32,293,29250.0,-12550.0,-30.023923444976077,288,4,0.0138888888888888,0.25769230769230766,0.008547008547008548,A,False
2026000184,익산 펠리피아,084.9964C,3,84.9964,41200,same_sgg,32,293,29250.0,-11950.0,-29.00485436893204,110,0,0.0,0.25769230769230766,0.008547008547008548,A,False
2026000187,엘리프 역곡,059.9500 ,2,59.95,67260,same_sgg,11,227,56500.0,-10760.0,-15.997621171573002,8,34,4.25,0.18893805309734513,0.029646017699115044,A,False
2026000187,엘리프 역곡,074.9300A,3,74.93,83710,same_sgg,10,67,60375.0,-23335.0,-27.87600047784016,2,4,2.0,0.1805383022774327,0.010351966873706004,A,False
2026000187,엘리프 역곡,074.9300B,4,74.93,86310,same_sgg,10,67,60375.0,-25935.0,-30.04866180048662,5,8,1.6,0.1805383022774327,0.010351966873706004,A,False
2026000188,해운대 마티안 디 에디션,076.0622A,1,76.0622,98780,same_sgg,8,57,42450.0,-56330.0,-57.025713707228185,25,11,0.44,0.33510011778563015,0.06007067137809187,A,False
2026000188,해운대 마티안 디 에디션,076.0622B,2,76.0622,82160,same_sgg,8,57,42450.0,-39710.0,-48.33252190847128,1,13,13.0,0.33510011778563015,0.06007067137809187,A,False
2026000188,해운대 마티안 디 에디션,081.7692 ,3,81.7692,95730,same_dong,11,85,68500.0,-27230.0,-28.444583725060063,20,4,0.2,0.20802919708029197,0.0036496350364963502,A,False
2026000188,해운대 마티안 디 에디션,084.8599 ,4,84.8599,100490,same_dong,9,79,69000.0,-31490.0,-31.33645138819783,47,15,0.3191489361702128,0.2644927536231884,0.016304347826086956,A,False
2026000194,더샵 검단레이크파크(AB22BL),059.9497A,1,59.9497,49010,same_sgg,11,197,47400.0,-1610.0,-3.2850438685982453,126,1940,15.396825396825395,0.3881856540084388,0.043248945147679324,A,False
2026000194,더샵 검단레이크파크(AB22BL),059.8301B,2,59.8301,48240,same_sgg,11,197,47400.0,-840.0,-1.7412935323383083,118,546,4.627118644067797,0.3881856540084388,0.043248945147679324,A,False
2026000194,더샵 검단레이크파크(AB22BL),084.5181A,3,84.5181,65330,same_dong,8,50,47775.0,-17555.0,-26.87126894229297,156,1962,12.576923076923077,0.4209837781266353,0.037153322867608585,A,False
2026000194,더샵 검단레이크파크(AB22BL),084.0342B,4,84.0342,64660,same_dong,8,50,47775.0,-16885.0,-26.11351685740798,143,202,1.4125874125874125,0.4209837781266353,0.037153322867608585,A,False
2026000194,더샵 검단레이크파크(AB22BL),084.1796C,5,84.1796,63680,same_dong,8,50,47775.0,-15905.0,-24.97644472361809,134,188,1.4029850746268655,0.4209837781266353,0.037153322867608585,A,False
2026000195,더샵 검단레이크파크(AB23BL),059.9497A,1,59.9497,49520,same_sgg,11,197,47400.0,-2120.0,-4.281098546042003,125,1635,13.08,0.3881856540084388,0.043248945147679324,A,False
2026000195,더샵 검단레이크파크(AB23BL),059.8301B,2,59.8301,48740,same_sgg,11,197,47400.0,-1340.0,-2.749281903980304,109,578,5.302752293577981,0.3881856540084388,0.043248945147679324,A,False
2026000195,더샵 검단레이크파크(AB23BL),084.5181A,3,84.5181,66270,same_dong,7,48,33200.0,-33070.0,-49.90191640259544,153,1707,11.15686274509804,0.1280120481927711,0.012048192771084338,A,False
2026000195,더샵 검단레이크파크(AB23BL),084.0342B,4,84.0342,65580,same_dong,7,48,33200.0,-32380.0,-49.37480939310765,127,204,1.6062992125984252,0.1280120481927711,0.012048192771084338,A,False
2026000195,더샵 검단레이크파크(AB23BL),084.1796C,5,84.1796,64590,same_dong,7,48,33200.0,-31390.0,-48.59885431181297,116,227,1.956896551724138,0.1280120481927711,0.012048192771084338,A,False
2026000202,대전 경남아너스빌 센텀스카이,084.2259A,1,84.2259,59600,same_sgg,18,173,45687.5,-13912.5,-23.34312080536913,70,17,0.2428571428571428,0.3176142270861833,0.006839945280437756,A,False
2026000202,대전 경남아너스빌 센텀스카이,084.5328B,2,84.5328,59900,same_sgg,18,173,45687.5,-14212.5,-23.727045075125208,54,8,0.1481481481481481,0.3176142270861833,0.006839945280437756,A,False
2026000202,대전 경남아너스빌 센텀스카이,084.8209C,3,84.8209,59400,same_sgg,18,173,45687.5,-13712.5,-23.08501683501684,16,5,0.3125,0.3176142270861833,0.006839945280437756,A,False
2026000205,수원역 아너스빌 타임원,084.6388A,1,84.6388,79080,same_sgg,39,605,60000.0,-19080.0,-24.12746585735964,42,235,5.595238095238095,0.30375,0.004583333333333333,A,False
2026000205,수원역 아너스빌 타임원,084.8874B,2,84.8874,78760,same_sgg,39,605,60000.0,-18760.0,-23.819197562214324,40,111,2.775,0.30375,0.004583333333333333,A,False
2026000217,동래사적공원 오네뜨,072.6854A,1,72.6854,56000,same_sgg,11,65,49700.0,-6300.0,-11.25,2,4,2.0,0.5520623742454729,0.028169014084507043,A,False
2026000217,동래사적공원 오네뜨,084.9124A,2,84.9124,65000,same_dong,10,130,67100.0,2100.0,3.230769230769231,75,16,0.2133333333333333,0.32013785394932937,0.0014903129657228018,A,False
2026000217,동래사적공원 오네뜨,084.8252B,3,84.8252,63800,same_dong,10,130,67100.0,3300.0,5.172413793103448,32,3,0.09375,0.32013785394932937,0.0014903129657228018,A,False
2026000219,호반써밋 풍무Ⅱ,059.9988A,1,59.9988,57810,same_sgg,21,426,37500.0,-20310.0,-35.13233004670472,42,1080,25.714285714285715,0.38666666666666666,0.028666666666666667,A,False
2026000219,호반써밋 풍무Ⅱ,084.9967A,2,84.9967,74630,same_sgg,60,868,46700.0,-27930.0,-37.42462816561704,93,998,10.731182795698924,0.35867237687366166,0.0021413276231263384,A,False
2026000219,호반써밋 풍무Ⅱ,084.9688B,3,84.9688,73410,same_sgg,60,868,46700.0,-26710.0,-36.384688734504834,74,280,3.783783783783784,0.35867237687366166,0.0021413276231263384,A,False
2026000219,호반써밋 풍무Ⅱ,084.9863C,4,84.9863,72030,same_sgg,60,868,46700.0,-25330.0,-35.16590309593225,149,459,3.0805369127516777,0.35867237687366166,0.0021413276231263384,A,False
2026000219,호반써밋 풍무Ⅱ,113.9765A,5,113.9765,88840,same_sgg,7,33,58000.0,-30840.0,-34.71409275101306,171,249,1.456140350877193,0.2969827586206897,0.034482758620689655,A,False
2026000223,힐스테이트 양산더스카이 1단지,068.9608A,1,68.9608,44670,same_sgg,11,60,23500.0,-21170.0,-47.39198567271099,65,83,1.2769230769230768,0.2765957446808511,0.0574468085106383,A,False
2026000223,힐스테이트 양산더스카이 1단지,084.9836A,2,84.9836,52950,same_sgg,56,679,34700.0,-18250.0,-34.466477809254016,169,158,0.9349112426035504,0.38436599423631124,0.008645533141210375,A,False
2026000223,힐스테이트 양산더스카이 1단지,084.9478B,3,84.9478,50860,same_sgg,56,679,34700.0,-16160.0,-31.773495871018483,36,14,0.3888888888888889,0.38436599423631124,0.008645533141210375,A,False
2026000224,힐스테이트 양산더스카이 2단지,084.9836A,1,84.9836,52720,same_sgg,56,679,34700.0,-18020.0,-34.180576631259484,253,119,0.4703557312252964,0.38436599423631124,0.008645533141210375,A,False
2026000224,힐스테이트 양산더스카이 2단지,084.9478B,2,84.9478,50100,same_sgg,56,679,34700.0,-15400.0,-30.738522954091817,17,21,1.2352941176470589,0.38436599423631124,0.008645533141210375,A,False
2026000224,힐스테이트 양산더스카이 2단지,084.9729C,3,84.9729,49820,same_sgg,56,679,34700.0,-15120.0,-30.34925732637495,18,3,0.1666666666666666,0.38436599423631124,0.008645533141210375,A,False
2026000225,백석시그니처자이 1단지,059.9914 ,1,59.9914,40840,same_sgg,21,303,25500.0,-15340.0,-37.56121449559255,24,79,3.2916666666666665,0.5980392156862745,0.045098039215686274,A,False
2026000225,백석시그니처자이 1단지,063.9705 ,2,63.9705,43520,same_sgg,6,54,26875.0,-16645.0,-38.24678308823529,27,11,0.4074074074074074,0.26930232558139533,0.04744186046511628,A,False
2026000225,백석시그니처자이 1단지,074.9682 ,3,74.9682,48210,same_sgg,20,214,33250.0,-14960.0,-31.030906450943785,186,118,0.6344086021505376,0.4477443609022556,0.06766917293233082,A,False
2026000225,백석시그니처자이 1단지,084.9915A,4,84.9915,58390,same_dong,10,127,30500.0,-27890.0,-47.765028258263406,191,288,1.5078534031413613,0.4989754098360656,0.01639344262295082,A,False
2026000225,백석시그니처자이 1단지,084.9668B,5,84.9668,58390,same_dong,10,127,30500.0,-27890.0,-47.765028258263406,178,55,0.3089887640449438,0.4989754098360656,0.01639344262295082,A,False
2026000225,백석시그니처자이 1단지,084.9918C,6,84.9918,58390,same_dong,10,127,30500.0,-27890.0,-47.765028258263406,106,30,0.2830188679245283,0.4989754098360656,0.01639344262295082,A,False
2026000225,백석시그니처자이 1단지,099.3915 ,7,99.3915,67600,same_sgg,14,89,71250.0,3650.0,5.399408284023669,76,161,2.1184210526315788,0.5898245614035088,0.03859649122807018,A,False
2026000225,백석시그니처자이 1단지,115.9599 ,8,115.9599,94010,same_sgg,4,16,73625.0,-20385.0,-21.68386341878524,4,86,21.5,0.4388794567062818,0.12054329371816638,B,False
2026000226,백석시그니처자이 2단지,084.9915A,1,84.9915,58390,same_dong,10,127,30500.0,-27890.0,-47.765028258263406,235,316,1.3446808510638295,0.4989754098360656,0.01639344262295082,A,False
2026000226,백석시그니처자이 2단지,084.9951D,2,84.9951,58390,same_dong,10,127,30500.0,-27890.0,-47.765028258263406,55,22,0.4,0.4989754098360656,0.01639344262295082,A,False
2026000226,백석시그니처자이 2단지,084.9981E,3,84.9981,58300,same_dong,10,127,30500.0,-27800.0,-47.684391080617495,14,18,1.2857142857142858,0.4989754098360656,0.01639344262295082,A,False
2026000234,에코델타시티 중흥S-클래스 리버시티,059.9627A,1,59.9627,42100,same_sgg,7,185,17700.0,-24400.0,-57.95724465558195,382,28,0.0732984293193717,0.943502824858757,0.3290960451977401,C,True
2026000234,에코델타시티 중흥S-클래스 리버시티,059.9852B,2,59.9852,39900,same_sgg,7,185,17700.0,-22200.0,-55.639097744360896,102,10,0.0980392156862745,0.943502824858757,0.3290960451977401,C,True
2026000235,북서울자이 폴라리스(보류지),059.6389B,1,59.6389,92500,same_dong,7,69,91750.0,-750.0,-0.8108108108108109,1,1040,1040.0,0.1,0.02316076294277929,A,False
2026000235,북서울자이 폴라리스(보류지),084.8654B,2,84.8654,115400,same_dong,8,129,99700.0,-15700.0,-13.604852686308492,3,1411,470.3333333333333,0.0824974924774323,0.0020060180541624875,A,False
2026000235,북서울자이 폴라리스(보류지),112.9104 ,3,112.9104,137000,same_dong,3,27,109000.0,-28000.0,-20.437956204379564,2,120,60.0,0.05045871559633028,0.027522935779816515,B,True
2026000237,평택 고덕 우미 린 프레스티지(Abc-36BL),084.9343A,1,84.9343,58730,same_dong,13,229,55000.0,-3730.0,-6.351098246211476,205,393,1.9170731707317072,0.1618181818181818,0.02727272727272727,A,False
2026000237,평택 고덕 우미 린 프레스티지(Abc-36BL),084.9075B,2,84.9075,58730,same_dong,13,229,55000.0,-3730.0,-6.351098246211476,72,28,0.3888888888888889,0.1618181818181818,0.02727272727272727,A,False
2026000237,평택 고덕 우미 린 프레스티지(Abc-36BL),084.8505D,3,84.8505,57520,same_dong,13,229,55000.0,-2520.0,-4.3810848400556335,37,21,0.5675675675675675,0.1618181818181818,0.02727272727272727,A,False
2026000237,평택 고덕 우미 린 프레스티지(Abc-36BL),094.3143A,4,94.3143,57680,same_sgg,5,31,54850.0,-2830.0,-4.906380027739251,23,67,2.9130434782608696,0.10300820419325434,0.03463992707383774,A,False
2026000237,평택 고덕 우미 린 프레스티지(Abc-36BL),094.2875B,5,94.2875,57680,same_sgg,5,31,54850.0,-2830.0,-4.906380027739251,8,4,0.5,0.10300820419325434,0.03463992707383774,A,False
2026000237,평택 고덕 우미 린 프레스티지(Abc-36BL),094.3805D,6,94.3805,59990,same_sgg,5,31,54850.0,-5140.0,-8.568094682447075,24,51,2.125,0.10300820419325434,0.03463992707383774,A,False
2026000237,평택 고덕 우미 린 프레스티지(Abc-36BL),101.8311A,7,101.8311,67800,same_dong,3,14,67000.0,-800.0,-1.1799410029498525,164,147,0.8963414634146342,0.12201492537313433,0.062313432835820894,B,True
2026000237,평택 고덕 우미 린 프레스티지(Abc-36BL),111.5911A,8,111.5911,69170,same_sgg,5,29,36250.0,-32920.0,-47.592887089778806,36,84,2.333333333333333,1.053793103448276,0.5137931034482759,C,True
2026000241,드파인 아르티아,059.8902A,1,59.8902,224000,same_sgg,16,109,169850.0,-54150.0,-24.174107142857142,10,501,50.1,0.22887842213717988,0.00029437739181630853,A,False
2026000241,드파인 아르티아,059.9055B,2,59.9055,226200,same_sgg,16,109,169850.0,-56350.0,-24.91158267020336,10,367,36.7,0.22887842213717988,0.00029437739181630853,A,False
2026000241,드파인 아르티아,084.8554A,4,84.8554,263000,same_sgg,33,234,178500.0,-84500.0,-32.129277566539926,5,81,16.2,0.40336134453781514,0.01050420168067227,A,False
2026000241,드파인 아르티아,084.0000B,5,84.0,276000,same_sgg,33,234,178500.0,-97500.0,-35.32608695652174,24,289,12.041666666666666,0.40336134453781514,0.01050420168067227,A,False
2026000241,드파인 아르티아,084.0000C,6,84.0,273200,same_sgg,33,234,178500.0,-94700.0,-34.66325036603221,15,172,11.466666666666669,0.40336134453781514,0.01050420168067227,A,False
2026000242,호반써밋 첨단3지구(A7BL),084.9286A,1,84.9286,54300,same_sgg,54,646,40550.0,-13750.0,-25.32228360957643,132,1208,9.151515151515152,0.24568434032059186,0.0036991368680641184,A,False
2026000242,호반써밋 첨단3지구(A7BL),084.9682B,2,84.9682,53700,same_sgg,54,646,40550.0,-13150.0,-24.487895716946,83,135,1.6265060240963856,0.24568434032059186,0.0036991368680641184,A,False
2026000248,북오산자이 드포레,059.9928A,1,59.9928,50370,same_sgg,13,192,37000.0,-13370.0,-26.54357752630534,116,38,0.3275862068965517,0.13783783783783785,0.016216216216216217,A,False
2026000248,북오산자이 드포레,059.9984B,2,59.9984,51750,same_sgg,13,192,37000.0,-14750.0,-28.5024154589372,46,33,0.717391304347826,0.13783783783783785,0.016216216216216217,A,False
2026000248,북오산자이 드포레,074.9590A,3,74.959,60460,same_sgg,16,123,42875.0,-17585.0,-29.085345683096264,187,20,0.106951871657754,0.22886297376093295,0.008746355685131196,A,False
2026000248,북오산자이 드포레,074.9810B,4,74.981,61510,same_sgg,16,123,42875.0,-18635.0,-30.29588684766705,27,13,0.4814814814814814,0.22886297376093295,0.008746355685131196,A,False
2026000248,북오산자이 드포레,074.9604C,5,74.9604,61120,same_sgg,16,123,42875.0,-18245.0,-29.851112565445025,82,4,0.048780487804878,0.22886297376093295,0.008746355685131196,A,False
2026000248,북오산자이 드포레,084.9121A,6,84.9121,67200,same_dong,3,49,51400.0,-15800.0,-23.511904761904763,535,70,0.1308411214953271,0.061770428015564205,0.04815175097276265,B,True
2026000248,북오산자이 드포레,084.9102B,7,84.9102,68310,same_dong,3,49,51400.0,-16910.0,-24.75479432001171,104,22,0.2115384615384615,0.061770428015564205,0.04815175097276265,B,True
2026000248,북오산자이 드포레,084.9695C,8,84.9695,67050,same_dong,3,49,51400.0,-15650.0,-23.340790454884413,83,4,0.0481927710843373,0.061770428015564205,0.04815175097276265,B,True
2026000248,북오산자이 드포레,099.3455A,9,99.3455,75860,same_sgg,8,41,43750.0,-32110.0,-42.3279725810704,163,7,0.0429447852760736,0.3882857142857143,0.054857142857142854,A,False
2026000248,북오산자이 드포레,099.3436B,10,99.3436,77050,same_sgg,8,41,43750.0,-33300.0,-43.21868916288125,55,4,0.0727272727272727,0.3882857142857143,0.054857142857142854,A,False
2026000248,북오산자이 드포레,124.4008P,11,124.4008,148640,same_sgg,6,38,45200.0,-103440.0,-69.59095801937568,2,2,1.0,0.16261061946902655,0.03982300884955752,A,False
2026000248,북오산자이 드포레,125.2247P,12,125.2247,149430,same_sgg,6,38,45200.0,-104230.0,-69.75172321488323,1,2,2.0,0.16261061946902655,0.03982300884955752,A,False
2026000253,거제 푸르지오 마린피스,084.6886 ,1,84.6886,51400,same_dong,5,54,15000.0,-36400.0,-70.8171206225681,263,19,0.0722433460076045,0.8366666666666667,0.3933333333333333,C,True
2026000253,거제 푸르지오 마린피스,105.1765 ,2,105.1765,63300,same_sgg,3,13,27950.0,-35350.0,-55.84518167456556,33,2,0.0606060606060606,0.1252236135957066,0.07245080500894455,B,True
2026000253,거제 푸르지오 마린피스,107.4383 ,3,107.4383,65600,same_sgg,3,13,27950.0,-37650.0,-57.393292682926834,122,2,0.0163934426229508,0.1252236135957066,0.07245080500894455,B,True
2026000258,고덕국제신도시 수자인하우스디,084.8390A,1,84.839,56980,same_dong,13,230,55000.0,-1980.0,-3.474903474903475,100,42,0.42,0.1618181818181818,0.02727272727272727,A,False
2026000258,고덕국제신도시 수자인하우스디,084.9914B,2,84.9914,56790,same_dong,13,230,55000.0,-1790.0,-3.151963373833421,86,18,0.2093023255813953,0.1618181818181818,0.02727272727272727,A,False
2026000258,고덕국제신도시 수자인하우스디,084.9865C,3,84.9865,55870,same_dong,13,230,55000.0,-870.0,-1.557186325398246,57,7,0.1228070175438596,0.1618181818181818,0.02727272727272727,A,False
2026000258,고덕국제신도시 수자인하우스디,101.9956 ,4,101.9956,66500,same_dong,3,15,67000.0,500.0,0.7518796992481203,147,10,0.0680272108843537,0.14626865671641792,0.08395522388059702,B,True
2026000261,밀양 수자인 더퍼스트 2단지 공공분양주택,074.9400 ,1,74.94,33924,same_sgg,4,24,28475.0,-5449.0,-16.062374719962268,22,5,0.2272727272727272,0.0697980684811238,0.021949078138718173,B,False
2026000261,밀양 수자인 더퍼스트 2단지 공공분양주택,084.9600 ,2,84.96,38460,same_sgg,16,100,30325.0,-8135.0,-21.151846073842957,83,15,0.180722891566265,0.4868095630667766,0.043693322341302555,A,False
2026000263,신문 대상 웰라움 라시엘,084.8659A,1,84.8659,49930,same_dong,6,64,39650.0,-10280.0,-20.58882435409573,283,3,0.0106007067137809,0.4609079445145019,0.021437578814627996,A,False
2026000263,신문 대상 웰라움 라시엘,084.8215B,2,84.8215,49890,same_dong,6,64,39650.0,-10240.0,-20.52515534175185,86,0,0.0,0.4609079445145019,0.021437578814627996,A,False
2026000270,김해 신문 센트럴 아이파크,084.7419A,1,84.7419,55170,same_dong,6,64,39650.0,-15520.0,-28.131230741344933,794,937,1.1801007556675065,0.4609079445145019,0.021437578814627996,A,False
2026000270,김해 신문 센트럴 아이파크,084.8435B,2,84.8435,56270,same_dong,6,64,39650.0,-16620.0,-29.536164919139864,190,176,0.9263157894736842,0.4609079445145019,0.021437578814627996,A,False
2026000270,김해 신문 센트럴 아이파크,113.7613 ,3,113.7613,67820,same_sgg,4,37,50950.0,-16870.0,-24.874668239457385,185,271,1.4648648648648648,0.5289499509322866,0.15799803729146222,B,False
2026000270,김해 신문 센트럴 아이파크,128.8099 ,4,128.8099,70430,same_sgg,5,41,48000.0,-22430.0,-31.84722419423541,47,74,1.574468085106383,0.3776041666666667,0.1875,B,False
2026000271,트리븐 김해,084.9478A,1,84.9478,53800,same_sgg,62,936,31500.0,-22300.0,-41.44981412639405,165,15,0.0909090909090909,0.36408730158730157,0.006349206349206349,A,False
2026000271,트리븐 김해,084.9643B,2,84.9643,52910,same_sgg,62,936,31500.0,-21410.0,-40.46494046494046,117,8,0.0683760683760683,0.36408730158730157,0.006349206349206349,A,False
2026000271,트리븐 김해,112.9359A,3,112.9359,76710,same_sgg,3,33,43000.0,-33710.0,-43.94472689349498,80,2,0.025,0.6918604651162791,0.4883720930232558,C,True
2026000271,트리븐 김해,112.9215B,4,112.9215,76640,same_sgg,3,33,43000.0,-33640.0,-43.89352818371607,32,1,0.03125,0.6918604651162791,0.4883720930232558,C,True
2026000272,함안가야 휴니온아르떼,084.4626 ,1,84.4626,47800,same_sgg,7,41,25900.0,-21900.0,-45.81589958158996,44,5,0.1136363636363636,0.4314671814671815,0.13706563706563707,B,False
2026000273,펜타힐즈 더블유 1단지,084.8315A,1,84.8315,69100,same_dong,7,129,48450.0,-20650.0,-29.88422575976845,134,944,7.044776119402985,0.05263157894736842,0.014963880288957688,A,False
2026000273,펜타힐즈 더블유 1단지,084.9186B,2,84.9186,69930,same_dong,7,129,48450.0,-21480.0,-30.716430716430715,104,1933,18.58653846153846,0.05263157894736842,0.014963880288957688,A,False
2026000273,펜타힐즈 더블유 1단지,115.5495A,3,115.5495,88730,same_sgg,3,19,59700.0,-29030.0,-32.717232052293475,329,298,0.905775075987842,0.24288107202680068,0.21943048576214405,C,True
2026000273,펜타힐즈 더블유 1단지,115.5735B,4,115.5735,89940,same_sgg,3,19,59700.0,-30240.0,-33.62241494329553,140,88,0.6285714285714286,0.24288107202680068,0.21943048576214405,C,True
2026000275,장위 푸르지오 마크원,059.9200A,6,59.92,143770,same_dong,6,67,108500.0,-35270.0,-24.53223899283578,70,1186,16.942857142857143,0.17523041474654377,0.013824884792626729,A,False
2026000275,장위 푸르지오 마크원,059.9600B,7,59.96,142700,same_dong,6,67,108500.0,-34200.0,-23.96636299929923,56,600,10.714285714285714,0.17523041474654377,0.013824884792626729,A,False
2026000275,장위 푸르지오 마크원,059.8800C,8,59.88,146060,same_dong,6,67,108500.0,-37560.0,-25.71545940024648,27,309,11.444444444444445,0.17523041474654377,0.013824884792626729,A,False
2026000275,장위 푸르지오 마크원,059.9500D,9,59.95,142800,same_dong,6,67,108500.0,-34300.0,-24.01960784313725,33,309,9.363636363636363,0.17523041474654377,0.013824884792626729,A,False
2026000275,장위 푸르지오 마크원,059.8800E,10,59.88,145670,same_dong,6,67,108500.0,-37170.0,-25.51657856799616,9,63,7.0,0.17523041474654377,0.013824884792626729,A,False
2026000275,장위 푸르지오 마크원,084.8600A,13,84.86,175830,same_dong,6,81,122500.0,-53330.0,-30.33043280441336,42,244,5.809523809523809,0.1846938775510204,0.02040816326530612,A,False
2026000275,장위 푸르지오 마크원,084.8700B,14,84.87,172420,same_dong,6,81,122500.0,-49920.0,-28.95255770792252,115,661,5.747826086956522,0.1846938775510204,0.02040816326530612,A,False
2026000275,장위 푸르지오 마크원,084.9000C,15,84.9,176350,same_dong,6,81,122500.0,-53850.0,-30.53586617521973,10,59,5.9,0.1846938775510204,0.02040816326530612,A,False
2026000275,장위 푸르지오 마크원,084.7500D,16,84.75,176570,same_dong,6,81,122500.0,-54070.0,-30.622416038964715,24,117,4.875,0.1846938775510204,0.02040816326530612,A,False
2026000275,장위 푸르지오 마크원,101.7400 ,17,101.74,194570,same_sgg,3,10,105000.0,-89570.0,-46.03484607082284,5,18,3.6,0.19523809523809524,0.13095238095238096,B,True
2026000275,장위 푸르지오 마크원,114.2100 ,18,114.21,217140,same_sgg,16,103,135250.0,-81890.0,-37.71299622363452,2,7,3.5,0.27587800369685767,0.02033271719038817,A,False
2026000276,업성 푸르지오 레이크시티 2단지,072.7578A,1,72.7578,48990,same_sgg,19,180,31000.0,-17990.0,-36.72177995509288,113,7,0.0619469026548672,0.4475806451612903,0.07258064516129033,A,False
2026000276,업성 푸르지오 레이크시티 2단지,072.7539B,2,72.7539,49310,same_sgg,19,180,31000.0,-18310.0,-37.132427499493005,78,4,0.0512820512820512,0.4475806451612903,0.07258064516129033,A,False
2026000276,업성 푸르지오 레이크시티 2단지,084.9631A,3,84.9631,57750,same_sgg,55,615,41225.0,-16525.0,-28.614718614718612,37,7,0.1891891891891892,0.5494238932686477,0.019708914493632504,A,False
2026000276,업성 푸르지오 레이크시티 2단지,084.9637B,4,84.9637,57700,same_sgg,55,615,41225.0,-16475.0,-28.552859618717505,70,14,0.2,0.5494238932686477,0.019708914493632504,A,False
2026000276,업성 푸르지오 레이크시티 2단지,084.8624C,5,84.8624,57250,same_sgg,55,615,41225.0,-16025.0,-27.99126637554585,72,17,0.2361111111111111,0.5494238932686477,0.019708914493632504,A,False
2026000276,업성 푸르지오 레이크시티 2단지,095.7927A,6,95.7927,71650,same_sgg,14,74,76350.0,4700.0,6.559665038381018,35,2,0.0571428571428571,0.1949901768172888,0.01768172888015717,A,False
2026000276,업성 푸르지오 레이크시티 2단지,095.7890B,7,95.789,74560,same_sgg,14,74,76350.0,1790.0,2.400751072961373,37,4,0.1081081081081081,0.1949901768172888,0.01768172888015717,A,False
2026000278,양주 회천지구 A-8BL 로제비앙 엘가,084.9051A,1,84.9051,52900,same_sgg,42,522,37850.0,-15050.0,-28.449905482041583,319,6,0.018808777429467,0.4250330250990753,0.015852047556142668,A,False
2026000278,양주 회천지구 A-8BL 로제비앙 엘가,084.9386B,2,84.9386,51900,same_sgg,42,522,37850.0,-14050.0,-27.07129094412332,37,2,0.054054054054054,0.4250330250990753,0.015852047556142668,A,False
2026000282,창원 한신더휴 메가센텀,059.9783A,3,59.9783,43600,same_sgg,6,69,39950.0,-3650.0,-8.371559633027523,6,214,35.666666666666664,0.07571964956195244,0.0012515644555694619,A,False
2026000282,창원 한신더휴 메가센텀,074.9730A,4,74.973,53080,same_sgg,3,29,52900.0,-180.0,-0.3391107761868877,95,1105,11.63157894736842,0.05718336483931947,0.0500945179584121,B,True
2026000282,창원 한신더휴 메가센텀,074.9705B,5,74.9705,52080,same_sgg,3,29,52900.0,820.0,1.574500768049155,61,115,1.8852459016393444,0.05718336483931947,0.0500945179584121,B,True
2026000282,창원 한신더휴 메가센텀,084.9692A,6,84.9692,61150,same_sgg,10,183,53200.0,-7950.0,-13.000817661488142,156,2501,16.03205128205128,0.1863251879699248,0.022556390977443608,A,False
2026000282,창원 한신더휴 메가센텀,084.9734B,7,84.9734,58100,same_sgg,10,183,53200.0,-4900.0,-8.433734939759036,16,124,7.75,0.1863251879699248,0.022556390977443608,A,False
2026000282,창원 한신더휴 메가센텀,084.9704C,8,84.9704,60840,same_sgg,10,183,53200.0,-7640.0,-12.557527942143324,181,531,2.933701657458564,0.1863251879699248,0.022556390977443608,A,False
2026000282,창원 한신더휴 메가센텀,101.9695A,9,101.9695,72080,same_sgg,4,33,62800.0,-9280.0,-12.874583795782463,66,458,6.9393939393939394,0.09315286624203821,0.03343949044585987,B,False
2026000282,창원 한신더휴 메가센텀,101.9772B,10,101.9772,71320,same_sgg,4,33,62800.0,-8520.0,-11.946158160403812,72,52,0.7222222222222222,0.09315286624203821,0.03343949044585987,B,False
2026000288,신제주 동문디이스트 시그니처원Ⅰ,061.3324 ,1,61.3324,72000,same_sgg,3,9,45000.0,-27000.0,-37.5,1,5,5.0,0.3055555555555556,0.21666666666666667,C,True
2026000288,신제주 동문디이스트 시그니처원Ⅰ,084.8915A,5,84.8915,117500,same_sgg,18,99,51250.0,-66250.0,-56.38297872340425,87,2,0.0229885057471264,0.3875609756097561,0.004878048780487805,A,False
2026000288,신제주 동문디이스트 시그니처원Ⅰ,084.9317B,6,84.9317,118700,same_sgg,18,99,51250.0,-67450.0,-56.82392586352149,13,1,0.0769230769230769,0.3875609756097561,0.004878048780487805,A,False
2026000289,신제주 동문디이스트 시그니처원Ⅱ,080.6995 ,3,80.6995,113600,same_sgg,7,39,51500.0,-62100.0,-54.66549295774647,14,0,0.0,0.11310679611650486,0.016019417475728156,A,False
2026000289,신제주 동문디이스트 시그니처원Ⅱ,084.8616A,4,84.8616,116200,same_sgg,18,99,51250.0,-64950.0,-55.895008605851984,80,0,0.0,0.3875609756097561,0.004878048780487805,A,False
2026000289,신제주 동문디이스트 시그니처원Ⅱ,084.7182B,5,84.7182,113100,same_sgg,18,99,51250.0,-61850.0,-54.686118479221925,7,0,0.0,0.3875609756097561,0.004878048780487805,A,False
2026000291,이천 휴먼빌 클래스원,084.9649A,1,84.9649,57440,same_sgg,32,261,34775.0,-22665.0,-39.45856545961003,218,6,0.0275229357798165,0.19410496046010065,0.002156721782890007,A,False
2026000291,이천 휴먼빌 클래스원,084.9611B,2,84.9611,57370,same_sgg,32,261,34775.0,-22595.0,-39.38469583405961,130,4,0.0307692307692307,0.19410496046010065,0.002156721782890007,A,False
2026000291,이천 휴먼빌 클래스원,084.9404C,3,84.9404,56360,same_sgg,32,261,34775.0,-21585.0,-38.29843860894251,184,3,0.0163043478260869,0.19410496046010065,0.002156721782890007,A,False
2026000293,리쉐스302,128.9471 ,1,128.9471,78226,same_sgg,5,24,40500.0,-37726.0,-48.226932222023365,126,0,0.0,0.11851851851851852,0.0345679012345679,A,False
2026000295,아산테크노밸리 더원 7차 (Ab4BL),077.3930 ,1,77.393,39900,same_sgg,22,148,26100.0,-13800.0,-34.58646616541353,184,2,0.0108695652173913,0.33524904214559387,0.0038314176245210726,A,False
2026000295,아산테크노밸리 더원 7차 (Ab4BL),084.8032A,2,84.8032,42700,same_sgg,63,716,28200.0,-14500.0,-33.957845433255265,98,3,0.0306122448979591,0.6365248226950354,0.012411347517730497,C,True
2026000295,아산테크노밸리 더원 7차 (Ab4BL),084.9662B,3,84.9662,42600,same_sgg,63,716,28200.0,-14400.0,-33.80281690140845,338,1,0.0029585798816568,0.6365248226950354,0.012411347517730497,C,True
2026000301,의왕역 SK VIEW,059.8216A,3,59.8216,89500,same_sgg,11,146,85500.0,-4000.0,-4.46927374301676,27,270,10.0,0.37280701754385964,0.033625730994152045,A,False
2026000301,의왕역 SK VIEW,059.7397B,4,59.7397,88300,same_sgg,11,146,85500.0,-2800.0,-3.171007927519818,185,1113,6.0162162162162165,0.37280701754385964,0.033625730994152045,A,False
2026000301,의왕역 SK VIEW,084.6871A,5,84.6871,109300,same_sgg,22,339,81950.0,-27350.0,-25.02287282708143,20,204,10.2,0.32542708968883466,0.0006101281269066504,A,False
2026000301,의왕역 SK VIEW,084.3460B,6,84.346,109600,same_sgg,22,339,81950.0,-27650.0,-25.22810218978102,66,266,4.03030303030303,0.32542708968883466,0.0006101281269066504,A,False
2026000301,의왕역 SK VIEW,084.2485C,7,84.2485,109800,same_sgg,22,339,81950.0,-27850.0,-25.364298724954462,64,159,2.484375,0.32542708968883466,0.0006101281269066504,A,False
2026000310,남양주 진접 서한이다음(S1BL),072.4726A,1,72.4726,58500,same_sgg,19,223,57700.0,-800.0,-1.3675213675213675,15,209,13.933333333333334,0.7907279029462738,0.09792027729636049,C,True
2026000310,남양주 진접 서한이다음(S1BL),084.4746A,2,84.4746,66190,same_sgg,91,1751,56000.0,-10190.0,-15.39507478471068,49,235,4.795918367346939,0.59375,0.008928571428571428,A,False
2026000310,남양주 진접 서한이다음(S1BL),084.7614B,3,84.7614,67370,same_sgg,92,1751,55850.0,-11520.0,-17.099599228143088,13,39,3.0,0.5754252461951657,0.0026857654431512983,A,False
2026000310,남양주 진접 서한이다음(S1BL),095.2508A,4,95.2508,71330,same_sgg,8,69,95125.0,23795.0,33.35903546894715,123,138,1.1219512195121952,0.45532194480946125,0.030223390275952694,A,False
2026000310,남양주 진접 서한이다음(S1BL),095.3102B,5,95.3102,67430,same_sgg,8,69,95125.0,27695.0,41.07222304612191,10,15,1.5,0.45532194480946125,0.030223390275952694,A,False
2026000312,춘천 리버뷰 아이파크,059.9840A,1,59.984,40400,same_sgg,11,86,33200.0,-7200.0,-17.82178217821782,25,165,6.6,0.375,0.03313253012048193,A,False
2026000312,춘천 리버뷰 아이파크,059.9059B,2,59.9059,39000,same_sgg,11,86,33200.0,-5800.0,-14.871794871794872,18,39,2.1666666666666665,0.375,0.03313253012048193,A,False
2026000312,춘천 리버뷰 아이파크,084.9534A,3,84.9534,56800,same_sgg,38,458,33500.0,-23300.0,-41.02112676056338,88,302,3.4318181818181817,0.4152985074626866,0.005970149253731343,A,False
2026000312,춘천 리버뷰 아이파크,084.8254B,4,84.8254,55200,same_sgg,38,458,33500.0,-21700.0,-39.31159420289856,78,56,0.717948717948718,0.4152985074626866,0.005970149253731343,A,False
2026000314,중동역 다채로움 더원,059.9935B,2,59.9935,61000,same_dong,3,24,58500.0,-2500.0,-4.098360655737705,3,5,1.6666666666666667,0.12478632478632479,0.08333333333333333,B,True
2026000314,중동역 다채로움 더원,060.7403 ,3,60.7403,61200,same_dong,4,27,59250.0,-1950.0,-3.1862745098039214,3,17,5.666666666666667,0.08059071729957806,0.012658227848101266,B,False
2026000314,중동역 다채로움 더원,084.9888A,4,84.9888,75300,same_dong,5,34,62500.0,-12800.0,-16.99867197875166,2,9,4.5,0.4048,0.128,B,False
2026000314,중동역 다채로움 더원,084.9933B,5,84.9933,79300,same_dong,5,34,62500.0,-16800.0,-21.185372005044137,2,5,2.5,0.4048,0.128,B,False
2026000314,중동역 다채로움 더원,084.9894C,6,84.9894,79600,same_dong,5,34,62500.0,-17100.0,-21.482412060301503,9,5,0.5555555555555556,0.4048,0.128,B,False
2026000315,오산헤리티지자이 1단지,075.4736 ,1,75.4736,73380,same_sgg,17,142,42000.0,-31380.0,-42.76369582992641,36,35,0.9722222222222222,0.21428571428571427,0.01488095238095238,A,False
2026000315,오산헤리티지자이 1단지,084.9796A,2,84.9796,78300,same_sgg,34,460,44325.0,-33975.0,-43.39080459770115,208,178,0.8557692307692307,0.275521714608009,0.007332205301748449,A,False
2026000315,오산헤리티지자이 1단지,084.9665B,3,84.9665,78900,same_sgg,34,460,44325.0,-34575.0,-43.8212927756654,248,82,0.3306451612903225,0.275521714608009,0.007332205301748449,A,False
2026000315,오산헤리티지자이 1단지,084.8237C,4,84.8237,79400,same_sgg,34,460,44325.0,-35075.0,-44.17506297229219,239,41,0.1715481171548117,0.275521714608009,0.007332205301748449,A,False
2026000315,오산헤리티지자이 1단지,084.9708D,5,84.9708,79300,same_sgg,34,460,44325.0,-34975.0,-44.1046658259773,87,9,0.1034482758620689,0.275521714608009,0.007332205301748449,A,False
2026000315,오산헤리티지자이 1단지,102.6201 ,6,102.6201,90710,same_sgg,10,60,47325.0,-43385.0,-47.828243854040345,97,10,0.1030927835051546,0.38008452192287373,0.024828314844162706,A,False
2026000315,오산헤리티지자이 1단지,124.8692 ,7,124.8692,106300,same_sgg,7,44,46750.0,-59550.0,-56.02069614299153,40,18,0.45,0.15561497326203208,0.040106951871657755,A,False
2026000316,오산헤리티지자이 2단지,075.4736 ,1,75.4736,73380,same_sgg,17,142,42000.0,-31380.0,-42.76369582992641,46,9,0.1956521739130435,0.21428571428571427,0.01488095238095238,A,False
2026000316,오산헤리티지자이 2단지,084.9796A,2,84.9796,78300,same_sgg,34,460,44325.0,-33975.0,-43.39080459770115,237,13,0.0548523206751054,0.275521714608009,0.007332205301748449,A,False
2026000316,오산헤리티지자이 2단지,084.9665B,3,84.9665,78900,same_sgg,34,460,44325.0,-34575.0,-43.8212927756654,171,6,0.0350877192982456,0.275521714608009,0.007332205301748449,A,False
2026000316,오산헤리티지자이 2단지,084.8237C,4,84.8237,79400,same_sgg,34,460,44325.0,-35075.0,-44.17506297229219,184,2,0.0108695652173913,0.275521714608009,0.007332205301748449,A,False
2026000316,오산헤리티지자이 2단지,102.6201 ,5,102.6201,90710,same_sgg,10,60,47325.0,-43385.0,-47.828243854040345,43,3,0.0697674418604651,0.38008452192287373,0.024828314844162706,A,False
2026000316,오산헤리티지자이 2단지,124.8692 ,6,124.8692,106300,same_sgg,7,44,46750.0,-59550.0,-56.02069614299153,23,2,0.0869565217391304,0.15561497326203208,0.040106951871657755,A,False
2026000318,더샵 트리센트,059.5981 ,1,59.5981,62800,same_dong,4,62,51200.0,-11600.0,-18.471337579617835,31,786,25.35483870967742,0.15771484375,0.03515625,B,False
2026000318,더샵 트리센트,075.4145 ,2,75.4145,76000,same_sgg,7,74,54500.0,-21500.0,-28.289473684210524,19,175,9.210526315789474,0.47477064220183485,0.07339449541284404,A,False
2026000318,더샵 트리센트,084.4817 ,3,84.4817,84900,same_dong,6,64,41500.0,-43400.0,-51.118963486454646,18,283,15.72222222222222,0.6216867469879518,0.10843373493975904,C,True
2026000323,"세종 우미 린 센터파크(행정중심복합도시 5-2생활권 S1블록, 글미마을 9단지)",059.9747 ,2,59.9747,43550,same_sgg,53,625,41200.0,-2350.0,-5.39609644087256,48,986,20.541666666666668,0.1929611650485437,0.015776699029126214,A,False
2026000323,"세종 우미 린 센터파크(행정중심복합도시 5-2생활권 S1블록, 글미마을 9단지)",084.9165A,3,84.9165,64560,same_sgg,106,806,59700.0,-4860.0,-7.527881040892194,78,1771,22.705128205128204,0.3379396984924623,0.0033500837520938024,A,False
2026000323,"세종 우미 린 센터파크(행정중심복합도시 5-2생활권 S1블록, 글미마을 9단지)",084.9738B,4,84.9738,64560,same_sgg,106,806,59700.0,-4860.0,-7.527881040892194,13,302,23.23076923076923,0.3379396984924623,0.0033500837520938024,A,False
2026000323,"세종 우미 린 센터파크(행정중심복합도시 5-2생활권 S1블록, 글미마을 9단지)",084.9395C,5,84.9395,63600,same_sgg,106,806,59700.0,-3900.0,-6.132075471698113,5,85,17.0,0.3379396984924623,0.0033500837520938024,A,False
2026000323,"세종 우미 린 센터파크(행정중심복합도시 5-2생활권 S1블록, 글미마을 9단지)",084.9418D,6,84.9418,62500,same_sgg,106,806,59700.0,-2800.0,-4.48,65,743,11.430769230769233,0.3379396984924623,0.0033500837520938024,A,False
2026000323,"세종 우미 린 센터파크(행정중심복합도시 5-2생활권 S1블록, 글미마을 9단지)",084.9942E,7,84.9942,61570,same_sgg,106,806,59700.0,-1870.0,-3.0371934383628387,1,52,52.0,0.3379396984924623,0.0033500837520938024,A,False
2026000323,"세종 우미 린 센터파크(행정중심복합도시 5-2생활권 S1블록, 글미마을 9단지)",084.9603F,8,84.9603,64560,same_sgg,106,806,59700.0,-4860.0,-7.527881040892194,9,181,20.11111111111111,0.3379396984924623,0.0033500837520938024,A,False
2026000328,센텀 엘카사,069.3887 ,1,69.3887,36000,same_sgg,10,87,33725.0,-2275.0,-6.319444444444445,18,2,0.1111111111111111,0.282060785767235,0.0007412898443291327,A,False
2026000328,센텀 엘카사,073.1083 ,2,73.1083,37500,same_sgg,13,150,35400.0,-2100.0,-5.6000000000000005,18,0,0.0,0.20480225988700565,0.02401129943502825,A,False
2026000328,센텀 엘카사,074.9812 ,3,74.9812,38000,same_sgg,11,126,33700.0,-4300.0,-11.31578947368421,18,0,0.0,0.28635014836795253,0.025222551928783383,A,False
2026000328,센텀 엘카사,076.9842 ,4,76.9842,39000,same_sgg,8,90,34950.0,-4050.0,-10.384615384615383,18,0,0.0,0.22532188841201717,0.012875536480686695,A,False
2026000329,호반써밋 풍무Ⅲ,059.9848A,1,59.9848,59740,same_sgg,21,425,37800.0,-21940.0,-36.72581185135588,40,861,21.525,0.4021164021164021,0.02513227513227513,A,False
2026000329,호반써밋 풍무Ⅲ,059.9813B,2,59.9813,58610,same_sgg,21,425,37800.0,-20810.0,-35.50588636751408,36,424,11.77777777777778,0.4021164021164021,0.02513227513227513,A,False
2026000329,호반써밋 풍무Ⅲ,084.9897A,3,84.9897,76250,same_sgg,61,909,46500.0,-29750.0,-39.01639344262295,57,682,11.964912280701755,0.3817204301075269,0.005376344086021506,A,False
2026000329,호반써밋 풍무Ⅲ,084.9810B,4,84.981,75220,same_sgg,61,909,46500.0,-28720.0,-38.18133475139591,48,191,3.9791666666666665,0.3817204301075269,0.005376344086021506,A,False
2026000329,호반써밋 풍무Ⅲ,084.9874C,5,84.9874,74350,same_sgg,61,909,46500.0,-27850.0,-37.457969065232014,36,139,3.861111111111111,0.3817204301075269,0.005376344086021506,A,False
2026000329,호반써밋 풍무Ⅲ,084.9795D,6,84.9795,73590,same_sgg,61,909,46500.0,-27090.0,-36.81206685690991,49,146,2.979591836734694,0.3817204301075269,0.005376344086021506,A,False
2026000331,센트레빌 아스테리움 거제,084.7551A,1,84.7551,52900,same_dong,7,72,17150.0,-35750.0,-67.58034026465029,941,90,0.0956429330499468,0.5422740524781341,0.1326530612244898,B,False
2026000331,센트레빌 아스테리움 거제,084.8937B,2,84.8937,52900,same_dong,7,72,17150.0,-35750.0,-67.58034026465029,280,21,0.075,0.5422740524781341,0.1326530612244898,B,False
2026000336,평택역 더센트럴45,079.9213 ,1,79.9213,55000,same_sgg,8,69,40387.5,-14612.5,-26.56818181818182,15,6,0.4,0.33519034354688954,0.039925719591457756,A,False
2026000336,평택역 더센트럴45,084.5994A,2,84.5994,59500,same_sgg,94,1302,38000.0,-21500.0,-36.134453781512605,19,6,0.3157894736842105,0.4763157894736842,0.0,A,False
2026000336,평택역 더센트럴45,084.6767B,3,84.6767,60300,same_sgg,94,1302,38000.0,-22300.0,-36.981757877280266,19,0,0.0,0.4763157894736842,0.0,A,False
2026000336,평택역 더센트럴45,084.7673C,4,84.7673,60900,same_sgg,94,1302,38000.0,-22900.0,-37.60262725779967,19,3,0.1578947368421052,0.4763157894736842,0.0,A,False
2026000336,평택역 더센트럴45,084.9764D,5,84.9764,56300,same_sgg,94,1302,38000.0,-18300.0,-32.5044404973357,8,2,0.25,0.4763157894736842,0.0,A,False
2026000336,평택역 더센트럴45,084.7673P,6,84.7673,70200,same_sgg,94,1302,38000.0,-32200.0,-45.86894586894587,1,2,2.0,0.4763157894736842,0.0,A,False
2026000336,평택역 더센트럴45,110.9626P,7,110.9626,88700,same_sgg,5,37,36500.0,-52200.0,-58.8500563697858,1,0,0.0,1.058904109589041,0.5068493150684932,C,True
2026000336,평택역 더센트럴45,125.2266 ,8,125.2266,83000,same_sgg,6,25,38625.0,-44375.0,-53.463855421686745,11,0,0.0,0.15889967637540453,0.003236245954692557,A,False
2026000336,평택역 더센트럴45,125.2266P,9,125.2266,92300,same_sgg,6,25,38625.0,-53675.0,-58.15276273022752,1,1,1.0,0.15889967637540453,0.003236245954692557,A,False
2026000342,제일풍경채 첨단3지구(A6BL),084.9900A,1,84.99,51800,same_sgg,55,662,39950.0,-11850.0,-22.87644787644788,225,376,1.6711111111111112,0.23779724655819776,0.0344180225281602,A,False
2026000342,제일풍경채 첨단3지구(A6BL),084.9900B,2,84.99,51460,same_sgg,55,662,39950.0,-11510.0,-22.366886902448503,28,37,1.3214285714285714,0.23779724655819776,0.0344180225281602,A,False
2026000342,제일풍경채 첨단3지구(A6BL),115.9900A,3,115.99,69810,same_sgg,6,25,44050.0,-25760.0,-36.90015757054863,127,17,0.1338582677165354,0.23978433598183882,0.028376844494892167,A,False
2026000354,상동역 롯데캐슬 시그니처,084.9199A,1,84.9199,163000,same_sgg,13,208,74000.0,-89000.0,-54.60122699386503,174,382,2.1954022988505746,0.21283783783783783,0.02027027027027027,A,False
2026000354,상동역 롯데캐슬 시그니처,084.7123B,2,84.7123,149900,same_sgg,13,208,74000.0,-75900.0,-50.63375583722481,59,143,2.4237288135593222,0.21283783783783783,0.02027027027027027,A,False
2026000354,상동역 롯데캐슬 시그니처,084.9874C,3,84.9874,159800,same_sgg,13,208,74000.0,-85800.0,-53.69211514392991,305,310,1.0163934426229508,0.21283783783783783,0.02027027027027027,A,False
2026000354,상동역 롯데캐슬 시그니처,084.9074D,4,84.9074,159900,same_sgg,13,208,74000.0,-85900.0,-53.72107567229519,72,70,0.9722222222222222,0.21283783783783783,0.02027027027027027,A,False
2026000354,상동역 롯데캐슬 시그니처,084.9872E,5,84.9872,163800,same_sgg,13,208,74000.0,-89800.0,-54.82295482295483,128,539,4.2109375,0.21283783783783783,0.02027027027027027,A,False
2026000354,상동역 롯데캐슬 시그니처,084.9928F,6,84.9928,159900,same_sgg,13,208,74000.0,-85900.0,-53.72107567229519,321,869,2.707165109034268,0.21283783783783783,0.02027027027027027,A,False
2026000354,상동역 롯데캐슬 시그니처,113.0966A,7,113.0966,224200,same_sgg,3,18,87500.0,-136700.0,-60.97234611953613,219,90,0.410958904109589,0.22,0.14857142857142858,B,True
2026000354,상동역 롯데캐슬 시그니처,113.0705B,8,113.0705,224900,same_sgg,3,18,87500.0,-137400.0,-61.09381947532236,84,34,0.4047619047619047,0.22,0.14857142857142858,B,True
2026000354,상동역 롯데캐슬 시그니처,121.5813 ,9,121.5813,234900,same_sgg,3,13,78500.0,-156400.0,-66.58152405278842,171,130,0.7602339181286549,0.21815286624203822,0.13694267515923567,B,True
2026000355,월계 중흥S-클래스 리비에르,059.9667A,2,59.9667,126350,same_dong,3,22,88000.0,-38350.0,-30.35219628017412,33,1368,41.45454545454545,0.10170454545454545,0.09318181818181819,B,True
2026000355,월계 중흥S-클래스 리비에르,059.9424B,3,59.9424,124200,same_dong,3,22,88000.0,-36200.0,-29.146537842190018,17,716,42.11764705882353,0.10170454545454545,0.09318181818181819,B,True
2026000355,월계 중흥S-클래스 리비에르,084.9807A,4,84.9807,149910,same_dong,5,50,90700.0,-59210.0,-39.49703155226469,2,210,105.0,0.24586549062844543,0.09206174200661521,A,False
2026000356,두산위브더제니스 대연,059.7600 ,1,59.76,76472,same_dong,9,145,64450.0,-12022.0,-15.720786693168742,10,194,19.4,0.13964313421256788,0.0003878975950349108,A,False
2026000356,두산위브더제니스 대연,074.9500A,2,74.95,95920,same_dong,4,46,72000.0,-23920.0,-24.93744787322769,32,38,1.1875,0.4427083333333333,0.13194444444444445,B,False
2026000356,두산위브더제니스 대연,074.9500B,3,74.95,94219,same_dong,4,46,72000.0,-22219.0,-23.582292318959023,36,14,0.3888888888888889,0.4427083333333333,0.13194444444444445,B,False
2026000356,두산위브더제니스 대연,084.8500A,4,84.85,109378,same_dong,10,142,80950.0,-28428.0,-25.990601400647297,4,41,10.25,0.21309450277949352,0.022235948116121063,A,False
2026000356,두산위브더제니스 대연,084.9800B,5,84.98,109367,same_dong,10,142,80950.0,-28417.0,-25.983157625243447,41,64,1.5609756097560976,0.21309450277949352,0.022235948116121063,A,False
2026000358,충정로역자이르네,059.9882 ,3,59.9882,188500,same_sgg,5,56,158500.0,-30000.0,-15.915119363395224,35,2266,64.74285714285715,0.416403785488959,0.17823343848580442,B,False
2026000358,충정로역자이르네,084.9972A,4,84.9972,245500,same_sgg,7,73,159750.0,-85750.0,-34.92871690427698,12,239,19.916666666666668,0.37167449139280123,0.10406885758998435,B,False
2026000358,충정로역자이르네,084.9965B,5,84.9965,229500,same_sgg,7,73,159750.0,-69750.0,-30.392156862745097,32,335,10.46875,0.37167449139280123,0.10406885758998435,B,False
2026000364,써밋 클라비온,049.9779 ,3,49.9779,146600,same_sgg,3,25,84700.0,-61900.0,-42.2237380627558,5,915,183.0,0.1283943329397875,0.11038961038961038,B,True
2026000364,써밋 클라비온,059.9025A,4,59.9025,172900,same_dong,9,75,166000.0,-6900.0,-3.990746096009254,5,370,74.0,0.07530120481927711,0.018072289156626505,A,False
2026000364,써밋 클라비온,059.9030B,5,59.903,183790,same_dong,9,75,166000.0,-17790.0,-9.67952554545949,12,479,39.91666666666666,0.07530120481927711,0.018072289156626505,A,False
2026000364,써밋 클라비온,059.8890C,6,59.889,186630,same_dong,9,75,166000.0,-20630.0,-11.053957027273215,20,1029,51.45,0.07530120481927711,0.018072289156626505,A,False
2026000364,써밋 클라비온,059.9245D,7,59.9245,185080,same_dong,9,75,166000.0,-19080.0,-10.309055543548736,30,1720,57.333333333333336,0.07530120481927711,0.018072289156626505,A,False
2026000365,오남역 서희스타힐스 여의재 1단지,059.7153A,1,59.7153,55400,same_sgg,28,430,44825.0,-10575.0,-19.0884476534296,66,27,0.4090909090909091,0.6466815393195762,0.07083100948131622,C,True
2026000365,오남역 서희스타힐스 여의재 1단지,059.9642B,2,59.9642,54800,same_sgg,28,430,44825.0,-9975.0,-18.20255474452555,56,9,0.1607142857142857,0.6466815393195762,0.07083100948131622,C,True
2026000365,오남역 서희스타힐스 여의재 1단지,075.4603 ,3,75.4603,65900,same_sgg,22,241,59425.0,-6475.0,-9.825493171471928,15,8,0.5333333333333333,0.7917543121581826,0.01809002944888515,C,True
2026000365,오남역 서희스타힐스 여의재 1단지,084.9596 ,4,84.9596,71900,same_sgg,92,1670,55125.0,-16775.0,-23.331015299026426,9,12,1.3333333333333333,0.7160997732426304,0.015873015873015872,C,True
2026000367,한강 푸르지오 리버프론트,084.7402A,1,84.7402,77300,same_sgg,61,906,45300.0,-32000.0,-41.39715394566624,667,561,0.841079460269865,0.36423841059602646,0.0033112582781456954,A,False
2026000367,한강 푸르지오 리버프론트,084.5605B,2,84.5605,76800,same_sgg,61,906,45300.0,-31500.0,-41.015625,63,20,0.3174603174603174,0.36423841059602646,0.0033112582781456954,A,False
2026000367,한강 푸르지오 리버프론트,084.9219C,3,84.9219,74200,same_sgg,61,906,45300.0,-28900.0,-38.94878706199461,435,209,0.4804597701149425,0.36423841059602646,0.0033112582781456954,A,False
2026000367,한강 푸르지오 리버프론트,084.8168D,4,84.8168,73700,same_sgg,61,906,45300.0,-28400.0,-38.53459972862958,140,21,0.15,0.36423841059602646,0.0033112582781456954,A,False
2026000367,한강 푸르지오 리버프론트,084.7060E,5,84.706,75200,same_sgg,61,906,45300.0,-29900.0,-39.76063829787234,66,80,1.2121212121212122,0.36423841059602646,0.0033112582781456954,A,False
2026000367,한강 푸르지오 리버프론트,084.9001F,6,84.9001,74200,same_sgg,61,906,45300.0,-28900.0,-38.94878706199461,34,7,0.2058823529411764,0.36423841059602646,0.0033112582781456954,A,False
2026000367,한강 푸르지오 리버프론트,106.8713A,7,106.8713,95100,same_sgg,17,133,54000.0,-41100.0,-43.217665615141954,275,129,0.4690909090909091,0.37037037037037035,0.025925925925925925,A,False
2026000367,한강 푸르지오 리버프론트,106.9778B,8,106.9778,95000,same_sgg,17,117,54000.0,-41000.0,-43.15789473684211,129,191,1.4806201550387597,0.3611111111111111,0.025925925925925925,A,False
2026000367,한강 푸르지오 리버프론트,122.7490 ,9,122.749,118600,same_sgg,5,29,60500.0,-58100.0,-48.988195615514336,212,83,0.3915094339622642,0.10661157024793388,0.049173553719008264,A,False
2026000368,아르티엠 라 테라스,084.6201A,1,84.6201,51200,same_dong,3,46,47575.0,-3625.0,-7.080078125,119,41,0.3445378151260504,0.1418812401471361,0.07277982133473462,B,True
2026000368,아르티엠 라 테라스,084.8907B,2,84.8907,52600,same_dong,3,46,47575.0,-5025.0,-9.553231939163496,97,18,0.1855670103092783,0.1418812401471361,0.07277982133473462,B,True
2026000368,아르티엠 라 테라스,084.6663C,3,84.6663,52500,same_dong,3,46,47575.0,-4925.0,-9.38095238095238,49,3,0.0612244897959183,0.1418812401471361,0.07277982133473462,B,True
2026000368,아르티엠 라 테라스,084.6558D,4,84.6558,50500,same_dong,3,46,47575.0,-2925.0,-5.792079207920793,25,2,0.08,0.1418812401471361,0.07277982133473462,B,True
2026000371,용인반도체클러스터 동일하이빌 파크밸리(D1-1블록),059.9390A,1,59.939,41600,same_sgg,17,255,43500.0,1900.0,4.567307692307692,44,204,4.636363636363637,0.29540229885057473,0.005747126436781609,A,False
2026000371,용인반도체클러스터 동일하이빌 파크밸리(D1-1블록),059.8977B,2,59.8977,40800,same_sgg,17,255,43500.0,2700.0,6.61764705882353,86,45,0.5232558139534884,0.29540229885057473,0.005747126436781609,A,False
2026000371,용인반도체클러스터 동일하이빌 파크밸리(D1-1블록),059.5027C,3,59.5027,39700,same_sgg,17,255,43500.0,3800.0,9.571788413098236,28,38,1.3571428571428572,0.29540229885057473,0.005747126436781609,A,False
2026000371,용인반도체클러스터 동일하이빌 파크밸리(D1-1블록),071.2889A,4,71.2889,47800,same_sgg,5,26,50000.0,2200.0,4.602510460251046,32,20,0.625,0.022,0.0085,A,False
2026000371,용인반도체클러스터 동일하이빌 파크밸리(D1-1블록),071.8211B,5,71.8211,47600,same_sgg,9,64,50850.0,3250.0,6.827731092436975,64,38,0.59375,0.1553588987217306,0.045722713864306784,A,False
2026000371,용인반도체클러스터 동일하이빌 파크밸리(D1-1블록),084.7577A,6,84.7577,53400,same_sgg,33,353,48000.0,-5400.0,-10.112359550561797,34,271,7.970588235294118,0.3854166666666667,0.020833333333333332,A,False
2026000372,쌍용 더 플래티넘 서대문,059.9883A,1,59.9883,108650,same_dong,6,49,83750.0,-24900.0,-22.91762540266912,2,481,240.5,0.22611940298507463,0.026865671641791045,A,False
2026000372,쌍용 더 플래티넘 서대문,084.9458A,2,84.9458,137330,same_dong,4,30,108750.0,-28580.0,-20.81118473749363,23,584,25.39130434782609,0.22758620689655173,0.0896551724137931,B,False
2026000372,쌍용 더 플래티넘 서대문,084.9722B,3,84.9722,135340,same_dong,4,30,108750.0,-26590.0,-19.64681542781144,3,47,15.666666666666666,0.22758620689655173,0.0896551724137931,B,False
2026000376,달서자이 제니크,084.7506A,1,84.7506,58660,same_dong,8,76,40550.0,-18110.0,-30.872826457551994,160,66,0.4125,0.4623921085080148,0.17632552404438964,B,False
2026000376,달서자이 제니크,084.8664B,2,84.8664,59730,same_dong,8,76,40550.0,-19180.0,-32.11116691779675,180,26,0.1444444444444444,0.4623921085080148,0.17632552404438964,B,False
2026000377,의왕역 한신더휴,059.9920B,2,59.992,72500,same_sgg,10,134,86750.0,14250.0,19.655172413793103,6,79,13.166666666666666,0.31729106628242076,0.008645533141210375,A,False
2026000377,의왕역 한신더휴,074.9930 ,3,74.993,85700,same_sgg,8,44,73275.0,-12425.0,-14.498249708284714,9,43,4.777777777777778,0.18952575912657796,0.020812009553053564,A,False
2026000377,의왕역 한신더휴,084.9861B,4,84.9861,94000,same_sgg,23,360,84000.0,-10000.0,-10.638297872340424,9,39,4.333333333333333,0.2989583333333333,0.008928571428571428,A,False
2026000382,두산위브더제니스 부천,059.9400A,1,59.94,87500,same_dong,4,49,51075.0,-36425.0,-41.62857142857143,145,233,1.606896551724138,0.31302006852667646,0.12873225648556044,B,False
2026000382,두산위브더제니스 부천,059.9800B,2,59.98,86400,same_dong,4,49,51075.0,-35325.0,-40.88541666666667,123,65,0.5284552845528455,0.31302006852667646,0.12873225648556044,B,False
2026000382,두산위브더제니스 부천,074.9500A,3,74.95,105500,same_sgg,9,85,63500.0,-42000.0,-39.81042654028436,147,53,0.3605442176870748,0.08031496062992126,0.013385826771653543,A,False
2026000382,두산위브더제니스 부천,074.9900B,4,74.99,101500,same_sgg,9,85,63500.0,-38000.0,-37.4384236453202,152,35,0.2302631578947368,0.08031496062992126,0.013385826771653543,A,False
2026000382,두산위브더제니스 부천,084.9500A,5,84.95,118200,same_dong,3,56,58000.0,-60200.0,-50.930626057529615,94,41,0.4361702127659574,0.2043103448275862,0.16810344827586207,B,True
2026000382,두산위브더제니스 부천,084.9400B,6,84.94,112300,same_dong,3,56,58000.0,-54300.0,-48.35262689225289,218,69,0.3165137614678899,0.2043103448275862,0.16810344827586207,B,True
2026000383,포레나힐스테이트 진주,059.6771A,1,59.6771,42000,same_sgg,8,132,38625.0,-3375.0,-8.035714285714286,63,861,13.666666666666666,0.0831715210355987,0.003236245954692557,A,False
2026000383,포레나힐스테이트 진주,059.7292B,2,59.7292,41300,same_sgg,8,132,38625.0,-2675.0,-6.476997578692494,8,84,10.5,0.0831715210355987,0.003236245954692557,A,False
2026000383,포레나힐스테이트 진주,072.8120A,3,72.812,49000,same_sgg,12,83,38850.0,-10150.0,-20.714285714285715,30,746,24.866666666666667,0.3804697554697555,0.047619047619047616,A,False
2026000383,포레나힐스테이트 진주,072.9569B,4,72.9569,48600,same_sgg,13,86,37000.0,-11600.0,-23.868312757201647,34,433,12.735294117647058,0.4027027027027027,0.05,A,False
2026000383,포레나힐스테이트 진주,084.9944A,5,84.9944,57700,same_sgg,46,613,46125.0,-11575.0,-20.060658578856152,21,1311,62.42857142857143,0.528319783197832,0.024390243902439025,A,False
2026000383,포레나힐스테이트 진주,084.9331B,6,84.9331,57100,same_sgg,46,613,46125.0,-10975.0,-19.220665499124344,26,414,15.923076923076923,0.528319783197832,0.024390243902439025,A,False
2026000388,시티오씨엘 9단지 오션파크뷰,059.9801 ,1,59.9801,48560,same_dong,4,39,38850.0,-9710.0,-19.995881383855025,88,440,5.0,0.333976833976834,0.1274131274131274,B,False
2026000388,시티오씨엘 9단지 오션파크뷰,075.9096 ,2,75.9096,60090,same_dong,4,19,54725.0,-5365.0,-8.92827425528374,95,114,1.2,0.13430790315212426,0.03243490178163545,B,False
2026000388,시티오씨엘 9단지 오션파크뷰,084.9771A,3,84.9771,71290,same_dong,5,47,60500.0,-10790.0,-15.135362603450696,942,164,0.1740976645435244,0.387603305785124,0.16983471074380166,B,False
2026000388,시티오씨엘 9단지 오션파크뷰,084.8878B,4,84.8878,67590,same_dong,5,47,60500.0,-7090.0,-10.489717413818612,362,12,0.0331491712707182,0.387603305785124,0.16983471074380166,B,False
2026000388,시티오씨엘 9단지 오션파크뷰,095.3740 ,5,95.374,77340,same_sgg,3,15,62750.0,-14590.0,-18.864753038531163,80,5,0.0625,0.2239043824701195,0.16693227091633467,B,True
2026000394,더샵 여주역더퍼스트,084.6536A,1,84.6536,51965,same_sgg,10,101,41000.0,-10965.0,-21.10074088328683,536,79,0.1473880597014925,0.4689024390243902,0.0975609756097561,A,False
2026000394,더샵 여주역더퍼스트,084.0452B,2,84.0452,51860,same_sgg,10,101,41000.0,-10860.0,-20.94099498650212,123,6,0.048780487804878,0.4689024390243902,0.0975609756097561,A,False
2026000394,더샵 여주역더퍼스트,084.8414C,3,84.8414,50786,same_sgg,10,101,41000.0,-9786.0,-19.26908990666719,26,8,0.3076923076923077,0.4689024390243902,0.0975609756097561,A,False
2026000399,브라운스톤 월곡 센트럴,059.9442A,1,59.9442,91000,same_dong,3,58,98500.0,7500.0,8.241758241758241,7,481,68.71428571428571,0.04568527918781726,0.04314720812182741,B,True
2026000399,브라운스톤 월곡 센트럴,059.9442B,2,59.9442,89200,same_dong,3,58,98500.0,9300.0,10.426008968609866,6,218,36.333333333333336,0.04568527918781726,0.04314720812182741,B,True
2026000399,브라운스톤 월곡 센트럴,059.9293C,3,59.9293,86200,same_dong,3,58,98500.0,12300.0,14.269141531322504,9,718,79.77777777777777,0.04568527918781726,0.04314720812182741,B,True
2026000403,그랑라크 에일린의 뜰,059.8300A,1,59.83,57600,same_dong,3,41,63475.0,5875.0,10.199652777777777,40,305,7.625,0.17487199684915322,0.13765261914139426,B,True
2026000403,그랑라크 에일린의 뜰,059.9900B,2,59.99,57600,same_dong,3,41,63475.0,5875.0,10.199652777777777,53,289,5.452830188679245,0.17487199684915322,0.13765261914139426,B,True
2026000403,그랑라크 에일린의 뜰,059.9700C,3,59.97,56600,same_dong,3,41,63475.0,6875.0,12.146643109540635,36,46,1.2777777777777777,0.17487199684915322,0.13765261914139426,B,True
2026000403,그랑라크 에일린의 뜰,074.8300 ,4,74.83,68700,same_dong,4,48,65550.0,-3150.0,-4.585152838427948,119,95,0.7983193277310925,0.2204424103737605,0.08619374523264683,B,False
2026000403,그랑라크 에일린의 뜰,084.9000 ,5,84.9,76600,same_dong,12,160,66000.0,-10600.0,-13.838120104438644,669,239,0.3572496263079223,0.5556818181818182,0.09090909090909091,A,False
2026000403,그랑라크 에일린의 뜰,102.8800A,6,102.88,86900,same_sgg,3,15,124000.0,37100.0,42.692750287687,29,10,0.3448275862068966,0.23830645161290323,0.22016129032258064,C,True
2026000403,그랑라크 에일린의 뜰,102.5600B,7,102.56,85000,same_sgg,3,15,124000.0,39000.0,45.88235294117647,21,2,0.0952380952380952,0.23830645161290323,0.22016129032258064,C,True
2026000404,검암역 푸르지오 프라베뉴 (B-1BL) 공공분양주택,060.9495A,1,60.9495,48630,same_sgg,16,206,45750.0,-2880.0,-5.922270203578038,2,263,131.5,0.32759562841530054,0.0273224043715847,A,False
2026000404,검암역 푸르지오 프라베뉴 (B-1BL) 공공분양주택,060.6527B,2,60.6527,47930,same_sgg,16,206,45750.0,-2180.0,-4.548299603588567,11,447,40.63636363636363,0.32759562841530054,0.0273224043715847,A,False
2026000404,검암역 푸르지오 프라베뉴 (B-1BL) 공공분양주택,060.9646C,3,60.9646,46250,same_sgg,16,206,45750.0,-500.0,-1.0810810810810811,16,619,38.6875,0.32759562841530054,0.0273224043715847,A,False
2026000404,검암역 푸르지오 프라베뉴 (B-1BL) 공공분양주택,084.9079A,4,84.9079,63910,same_sgg,38,644,58650.0,-5260.0,-8.230323892974495,63,702,11.142857142857142,0.2259164535379369,0.0025575447570332483,A,False
2026000404,검암역 푸르지오 프라베뉴 (B-1BL) 공공분양주택,084.4783B,5,84.4783,62940,same_sgg,38,644,58650.0,-4290.0,-6.816015252621545,10,72,7.2,0.2259164535379369,0.0025575447570332483,A,False
2026000404,검암역 푸르지오 프라베뉴 (B-1BL) 공공분양주택,084.9219C,6,84.9219,62340,same_sgg,38,644,58650.0,-3690.0,-5.919153031761309,12,58,4.833333333333333,0.2259164535379369,0.0025575447570332483,A,False
2026000419,올 뉴 챔피언스시티 1차,084.9730A,1,84.973,87000,same_dong,3,44,58500.0,-28500.0,-32.758620689655174,175,1178,6.731428571428571,0.2641025641025641,0.18376068376068377,B,True
2026000419,올 뉴 챔피언스시티 1차,084.9479B,2,84.9479,87000,same_dong,3,44,58500.0,-28500.0,-32.758620689655174,291,226,0.7766323024054983,0.2641025641025641,0.18376068376068377,B,True
2026000419,올 뉴 챔피언스시티 1차,084.9819C,3,84.9819,84200,same_dong,3,44,58500.0,-25700.0,-30.522565320665084,503,278,0.5526838966202783,0.2641025641025641,0.18376068376068377,B,True
2026000419,올 뉴 챔피언스시티 1차,084.9769D,4,84.9769,86500,same_dong,3,44,58500.0,-28000.0,-32.369942196531795,497,326,0.6559356136820925,0.2641025641025641,0.18376068376068377,B,True
2026000419,올 뉴 챔피언스시티 1차,084.9809E,5,84.9809,85400,same_dong,3,44,58500.0,-26900.0,-31.498829039812648,299,75,0.2508361204013378,0.2641025641025641,0.18376068376068377,B,True
2026000419,올 뉴 챔피언스시티 1차,084.9849F,6,84.9849,85400,same_dong,3,44,58500.0,-26900.0,-31.498829039812648,506,273,0.5395256916996047,0.2641025641025641,0.18376068376068377,B,True
2026000419,올 뉴 챔피언스시티 1차,103.0590A,7,103.059,105300,same_sgg,3,11,45000.0,-60300.0,-57.26495726495726,209,388,1.8564593301435408,0.2388888888888889,0.18333333333333332,B,True
2026000419,올 뉴 챔피언스시티 1차,103.2718B,8,103.2718,103600,same_sgg,3,11,45000.0,-58600.0,-56.56370656370656,230,29,0.1260869565217391,0.2388888888888889,0.18333333333333332,B,True
2026000419,올 뉴 챔피언스시티 1차,112.3407A,9,112.3407,119500,same_sgg,6,28,42650.0,-76850.0,-64.30962343096235,126,121,0.9603174603174603,0.5381008206330598,0.0035169988276670576,A,False
2026000419,올 뉴 챔피언스시티 1차,128.5318A,10,128.5318,135500,same_sgg,3,18,38400.0,-97100.0,-71.66051660516605,90,66,0.7333333333333333,0.13671875,0.125,B,True
2026000422,천안 아이파크 시티 3단지,084.8786A,1,84.8786,59040,same_sgg,51,556,41500.0,-17540.0,-29.708672086720867,317,153,0.4826498422712933,0.5626506024096386,0.01927710843373494,A,False
2026000422,천안 아이파크 시티 3단지,084.9323B,2,84.9323,57550,same_sgg,51,556,41500.0,-16050.0,-27.88879235447437,171,11,0.0643274853801169,0.5626506024096386,0.01927710843373494,A,False
2026000422,천안 아이파크 시티 3단지,102.8880A,3,102.888,70420,same_sgg,14,80,74500.0,4080.0,5.793808577108775,230,22,0.0956521739130434,0.35201342281879194,0.006711409395973154,A,False
2026000422,천안 아이파크 시티 3단지,102.7602B,4,102.7602,69100,same_sgg,14,80,74500.0,5400.0,7.814761215629522,19,0,0.0,0.35201342281879194,0.006711409395973154,A,False
2026000422,천안 아이파크 시티 3단지,116.8234 ,5,116.8234,80800,same_sgg,5,20,64750.0,-16050.0,-19.863861386138616,101,7,0.0693069306930693,0.8308880308880309,0.26833976833976836,C,True
2026000423,두정역 푸르지오 그랑피크,059.9808A,1,59.9808,38400,same_sgg,22,294,25775.0,-12625.0,-32.87760416666667,187,78,0.4171122994652406,0.561105722599418,0.0009699321047526673,A,False
2026000423,두정역 푸르지오 그랑피크,059.9657B,2,59.9657,36500,same_sgg,22,294,25775.0,-10725.0,-29.383561643835616,154,23,0.1493506493506493,0.561105722599418,0.0009699321047526673,A,False
2026000423,두정역 푸르지오 그랑피크,074.9304 ,3,74.9304,44700,same_sgg,20,195,30575.0,-14125.0,-31.599552572706934,80,26,0.325,0.47628781684382665,0.007358953393295176,A,False
2026000423,두정역 푸르지오 그랑피크,084.6795 ,4,84.6795,55300,same_sgg,51,556,41500.0,-13800.0,-24.95479204339964,661,41,0.0620272314674735,0.5626506024096386,0.01927710843373494,A,False
2026000423,두정역 푸르지오 그랑피크,101.9795 ,5,101.9795,60700,same_sgg,16,89,73325.0,12625.0,20.799011532125206,102,6,0.0588235294117647,0.41493351517217864,0.009205591544493692,A,False
2026000423,두정역 푸르지오 그랑피크,114.6527 ,6,114.6527,69000,same_sgg,6,24,47375.0,-21625.0,-31.34057971014493,198,8,0.0404040404040404,1.066754617414248,0.36675461741424803,C,True
2026000424,쌍용 더 플래티넘 센텀,063.1378A,1,63.1378,93820,same_sgg,3,15,36500.0,-57320.0,-61.09571519931784,5,5,1.0,0.336986301369863,0.22945205479452055,C,True
2026000424,쌍용 더 플래티넘 센텀,063.0513B,2,63.0513,91630,same_sgg,4,37,45750.0,-45880.0,-50.07093746589545,2,1,0.5,0.5647540983606557,0.20218579234972678,C,True
2026000424,쌍용 더 플래티넘 센텀,074.3998B,3,74.3998,110210,same_sgg,4,28,73975.0,-36235.0,-32.87814172942564,3,0,0.0,0.5315985130111525,0.14430550861777627,B,False
2026000424,쌍용 더 플래티넘 센텀,084.0948 ,4,84.0948,132100,same_sgg,21,218,81000.0,-51100.0,-38.68281604844815,36,21,0.5833333333333334,0.3611111111111111,0.015432098765432098,A,False
2026000426,천안 아이파크 시티 4단지,084.8786A,1,84.8786,58930,same_sgg,51,556,41500.0,-17430.0,-29.577464788732392,287,105,0.3658536585365853,0.5626506024096386,0.01927710843373494,A,False
2026000426,천안 아이파크 시티 4단지,084.9323B,2,84.9323,57460,same_sgg,51,556,41500.0,-15960.0,-27.77584406543683,172,5,0.0290697674418604,0.5626506024096386,0.01927710843373494,A,False
2026000426,천안 아이파크 시티 4단지,102.8880A,3,102.888,70310,same_sgg,14,80,74500.0,4190.0,5.959322998151046,188,12,0.0638297872340425,0.35201342281879194,0.006711409395973154,A,False
2026000426,천안 아이파크 시티 4단지,102.7602B,4,102.7602,69010,same_sgg,14,80,74500.0,5490.0,7.9553687871323,28,2,0.0714285714285714,0.35201342281879194,0.006711409395973154,A,False
2026000426,천안 아이파크 시티 4단지,116.8234 ,5,116.8234,80690,same_sgg,5,20,64750.0,-15940.0,-19.754616433263102,96,4,0.0416666666666666,0.8308880308880309,0.26833976833976836,C,True
2026000437,힐스테이트 고덕엘리스트 A12BL 공공분양주택,084.0000A,1,84.0,58420,same_dong,14,259,58750.0,330.0,0.5648750427935638,532,87,0.1635338345864661,0.24808510638297873,0.02127659574468085,A,False
2026000437,힐스테이트 고덕엘리스트 A12BL 공공분양주택,084.0000B,2,84.0,57755,same_dong,14,259,58750.0,995.0,1.722794563241278,198,16,0.0808080808080808,0.24808510638297873,0.02127659574468085,A,False
2026000437,힐스테이트 고덕엘리스트 A12BL 공공분양주택,084.9500C,3,84.95,57440,same_dong,14,259,58750.0,1310.0,2.280640668523677,162,11,0.0679012345679012,0.24808510638297873,0.02127659574468085,A,False
2026000438,힐스테이트 고덕엘리스트 A65BL 공공분양주택,084.0000A,1,84.0,56617,same_dong,14,259,58750.0,2133.0,3.767419679601533,635,63,0.0992125984251968,0.24808510638297873,0.02127659574468085,A,False
2026000438,힐스테이트 고덕엘리스트 A65BL 공공분양주택,084.0000B,2,84.0,55973,same_dong,14,259,58750.0,2777.0,4.961320636735569,181,11,0.0607734806629834,0.24808510638297873,0.02127659574468085,A,False
2026000441,문수로 비스타 더파크,084.9937A,3,84.9937,83200,same_dong,3,16,64500.0,-18700.0,-22.47596153846154,374,399,1.0668449197860963,0.029069767441860465,0.023255813953488372,B,True
2026000441,문수로 비스타 더파크,084.9890B,4,84.989,81600,same_dong,3,16,64500.0,-17100.0,-20.955882352941178,205,35,0.1707317073170731,0.029069767441860465,0.023255813953488372,B,True
2026000443,에코델타시티 금강펜테리움 에코리버,059.9986A,1,59.9986,51100,same_sgg,7,186,18250.0,-32850.0,-64.28571428571429,179,3,0.0167597765363128,0.8904109589041096,0.2945205479452055,C,True
2026000443,에코델타시티 금강펜테리움 에코리버,059.9992B,2,59.9992,53200,same_sgg,7,186,18250.0,-34950.0,-65.69548872180451,169,5,0.029585798816568,0.8904109589041096,0.2945205479452055,C,True
2026000445,삼천 하늘채 라비엘,059.9831 ,1,59.9831,38827,same_sgg,7,85,36750.0,-2077.0,-5.34937028356556,31,281,9.064516129032258,0.3336734693877551,0.08503401360544217,A,False
2026000445,삼천 하늘채 라비엘,074.9225A,2,74.9225,49307,same_sgg,5,55,42750.0,-6557.0,-13.298314640923197,1,122,122.0,0.3532163742690059,0.10350877192982456,B,False
2026000445,삼천 하늘채 라비엘,074.9823B,3,74.9823,49392,same_sgg,5,55,42750.0,-6642.0,-13.447521865889213,19,351,18.473684210526315,0.3532163742690059,0.10350877192982456,B,False
2026000446,진주 판문지구 레이크써밋 웰가,078.8382 ,1,78.8382,50300,same_sgg,11,91,33950.0,-16350.0,-32.50497017892644,60,779,12.983333333333333,0.39564064801178206,0.016936671575846832,A,False
2026000446,진주 판문지구 레이크써밋 웰가,084.9115A,2,84.9115,55600,same_sgg,47,599,47225.0,-8375.0,-15.062949640287773,91,6224,68.3956043956044,0.4965590259396506,0.002911593435680254,A,False
2026000446,진주 판문지구 레이크써밋 웰가,084.9519B,3,84.9519,55300,same_sgg,47,599,47225.0,-8075.0,-14.602169981916818,125,2875,23.0,0.4965590259396506,0.002911593435680254,A,False
2026000446,진주 판문지구 레이크써밋 웰가,119.6206 ,4,119.6206,72200,same_sgg,9,54,39000.0,-33200.0,-45.98337950138504,66,2027,30.71212121212121,0.6153846153846154,0.11858974358974358,C,True
2026000448,숭의역 노르웨이숲 더 스카이,084.9818 ,2,84.9818,73237,same_sgg,26,269,47600.0,-25637.0,-35.00552999167088,22,7,0.3181818181818182,0.5194327731092437,0.008403361344537815,A,False
2026000449,화서역 호수공원 아너스빌,084.7459A,1,84.7459,89800,same_sgg,39,763,61000.0,-28800.0,-32.07126948775056,17,31,1.8235294117647056,0.3418032786885246,0.012295081967213115,A,False
2026000449,화서역 호수공원 아너스빌,084.8508B,2,84.8508,89300,same_sgg,39,763,61000.0,-28300.0,-31.69092945128779,49,81,1.653061224489796,0.3418032786885246,0.012295081967213115,A,False
2026000449,화서역 호수공원 아너스빌,084.6391C,3,84.6391,89300,same_sgg,39,763,61000.0,-28300.0,-31.69092945128779,34,16,0.4705882352941176,0.3418032786885246,0.012295081967213115,A,False
2026000449,화서역 호수공원 아너스빌,084.9663D,4,84.9663,89300,same_sgg,39,763,61000.0,-28300.0,-31.69092945128779,44,67,1.5227272727272727,0.3418032786885246,0.012295081967213115,A,False
2026000449,화서역 호수공원 아너스빌,084.9739E,5,84.9739,89300,same_sgg,39,763,61000.0,-28300.0,-31.69092945128779,13,11,0.8461538461538461,0.3418032786885246,0.012295081967213115,A,False
2026000449,화서역 호수공원 아너스빌,099.6774A,8,99.6774,91100,same_sgg,6,53,72750.0,-18350.0,-20.14270032930845,79,28,0.3544303797468354,0.11048109965635738,0.003436426116838488,A,False
2026000453,광명 시티프라디움 에듀하임,059.9742A,1,59.9742,87900,same_dong,3,16,73700.0,-14200.0,-16.1547212741752,10,129,12.9,0.08548168249660787,0.08344640434192672,B,True
2026000453,광명 시티프라디움 에듀하임,059.7421B,2,59.7421,87700,same_dong,3,16,73700.0,-14000.0,-15.96351197263398,42,235,5.595238095238095,0.08548168249660787,0.08344640434192672,B,True
2026000453,광명 시티프라디움 에듀하임,084.8481A,3,84.8481,118500,same_dong,6,85,79775.0,-38725.0,-32.679324894514764,60,27,0.45,0.07630836728298339,0.03603885929175807,A,False
2026000453,광명 시티프라디움 에듀하임,084.9648B,4,84.9648,119700,same_dong,6,85,79775.0,-39925.0,-33.35421888053467,18,4,0.2222222222222222,0.07630836728298339,0.03603885929175807,A,False
2026000453,광명 시티프라디움 에듀하임,084.9558C,5,84.9558,118000,same_dong,6,85,79775.0,-38225.0,-32.39406779661017,63,44,0.6984126984126984,0.07630836728298339,0.03603885929175807,A,False
2026000453,광명 시티프라디움 에듀하임,084.9796D,6,84.9796,119800,same_dong,6,85,79775.0,-40025.0,-33.40984974958264,13,11,0.8461538461538461,0.07630836728298339,0.03603885929175807,A,False
2026000453,광명 시티프라디움 에듀하임,084.9149E,7,84.9149,118000,same_dong,6,85,79775.0,-38225.0,-32.39406779661017,67,10,0.1492537313432835,0.07630836728298339,0.03603885929175807,A,False
