HOUSE_MANAGE_NO,project,HOUSE_TY,area,price,unit_price,official_price,general_supply,special_supply,official_comp_supply,official_1st_applicants,first_applicants_per_comp_supply,old_supply_eq_comp,old_applicants_eq_first,old_price_eq_official,old_ratio_eq_recalc
2026000008,경산 상방공원 호반써밋 1단지,074.8253A,74.8253,47490,634.6783775006583,47490,50,60,107,24,0.2242990654205607,True,True,True,True
2026000008,경산 상방공원 호반써밋 1단지,084.7061A,84.7061,54690,645.6441743864963,54690,192,236,410,89,0.2170731707317073,True,True,True,True
2026000008,경산 상방공원 호반써밋 1단지,084.7982B,84.7982,52690,621.3575288154702,52690,77,93,170,23,0.1352941176470588,True,True,True,True
2026000008,경산 상방공원 호반써밋 1단지,099.5223A,99.5223,61110,614.0332367720601,61110,130,20,150,11,0.0733333333333333,True,True,True,True
2026000008,경산 상방공원 호반써밋 1단지,099.5223B,99.5223,61620,619.1577164112967,61620,128,18,146,13,0.0890410958904109,True,True,True,True
2026000012,경성대부경대역 비스타동원 더 프리미엄,059.9041A,59.9041,66000,1101.7609813017807,66000,10,15,13,11,0.8461538461538461,True,True,True,True
2026000012,경성대부경대역 비스타동원 더 프리미엄,059.8880B,59.888,64700,1080.3499866417312,64700,14,12,26,10,0.3846153846153846,True,True,True,True
2026000012,경성대부경대역 비스타동원 더 프리미엄,084.9740A,84.974,96600,1136.818320898157,96600,2,0,2,11,5.5,True,True,True,True
2026000012,경성대부경대역 비스타동원 더 프리미엄,084.8376B,84.8376,94400,1112.7141739040237,94400,10,15,23,4,0.1739130434782608,True,True,True,True
2026000012,경성대부경대역 비스타동원 더 프리미엄,084.8873C,84.8873,93400,1100.2823743952276,93400,10,15,23,7,0.3043478260869565,True,True,True,True
2026000014,천안 아이파크 시티 5단지,084.8786A,84.8786,59160,696.9954735351431,59160,143,172,238,1010,4.243697478991597,True,True,True,True
2026000014,천안 아이파크 시티 5단지,084.9323B,84.9323,60840,716.3352458369784,60840,52,64,80,474,5.925,True,True,True,True
2026000014,천안 아이파크 시티 5단지,084.9587C,84.9587,60030,706.5786081943345,60030,25,32,25,1360,54.4,True,True,True,True
2026000014,천안 아이파크 시티 5단지,102.8880A,102.888,74610,725.1574527641707,74610,181,27,185,1946,10.51891891891892,True,True,True,True
2026000014,천안 아이파크 시티 5단지,102.7602B,102.7602,72970,710.099824640279,72970,76,12,88,66,0.75,True,True,True,True
2026000014,천안 아이파크 시티 5단지,120.7345,120.7345,85970,712.058276631783,85970,45,7,45,981,21.8,True,True,True,True
2026000014,천안 아이파크 시티 5단지,197.8303,197.8303,246120,1244.0965817673027,246120,1,0,1,11,11.0,True,True,True,True
2026000015,천안 아이파크 시티 6단지,084.8786A,84.8786,58940,694.4035363448502,58940,102,125,161,674,4.186335403726708,True,True,True,True
2026000015,천안 아이파크 시티 6단지,084.9323B,84.9323,57720,679.6001050248257,57720,47,56,93,95,1.021505376344086,True,True,True,True
2026000015,천안 아이파크 시티 6단지,084.9587C,84.9587,60660,713.9939758965239,60660,130,155,130,5871,45.16153846153846,True,True,True,True
2026000015,천안 아이파크 시티 6단지,102.8880A,102.888,71130,691.3342663867506,71130,106,16,118,301,2.5508474576271185,True,True,True,True
2026000015,천안 아이파크 시티 6단지,102.7602B,102.7602,69570,677.0130848324546,69570,118,18,134,282,2.1044776119402986,True,True,True,True
2026000015,천안 아이파크 시티 6단지,120.7345,120.7345,86060,712.8037139342939,86060,118,18,127,837,6.590551181102362,True,True,True,True
2026000015,천안 아이파크 시티 6단지,197.1270,197.127,246330,1249.6005113454778,246330,3,0,3,17,5.666666666666667,True,True,True,True
2026000017,쌍용 더 플래티넘 온수역,059.9563A,59.9563,89150,1486.9163040414437,89150,46,50,46,593,12.891304347826088,True,True,True,True
2026000017,쌍용 더 플래티넘 온수역,059.8585B,59.8585,86830,1450.5876358411922,86830,59,71,59,628,10.64406779661017,True,True,True,True
2026000017,쌍용 더 플래티넘 온수역,084.9174B,84.9174,113760,1339.6547704004126,113760,4,0,4,96,24.0,True,True,True,True
2026000019,구리역 하이니티 리버파크,029.3734,29.3734,49120,1672.2612976366372,49120,65,81,103,66,0.6407766990291263,True,True,True,True
2026000019,구리역 하이니티 리버파크,038.9104,38.9104,71380,1834.470989761092,71380,12,17,12,81,6.75,True,True,True,True
2026000019,구리역 하이니티 리버파크,044.3798,44.3798,81270,1831.238536451268,81270,64,77,64,134,2.09375,True,True,True,True
2026000019,구리역 하이니티 리버파크,059.9882A,59.9882,101980,1700.0010001967055,101980,178,219,178,829,4.657303370786517,True,True,True,True
2026000019,구리역 하이니티 리버파크,059.9873B,59.9873,104270,1738.201252598467,104270,83,104,83,391,4.710843373493976,True,True,True,True
2026000019,구리역 하이니티 리버파크,059.9913C,59.9913,101360,1689.5783221900508,101360,163,202,163,798,4.895705521472393,True,True,True,True
2026000019,구리역 하이니티 리버파크,077.9949,77.9949,124140,1591.6425304731465,124140,8,12,8,58,7.25,True,True,True,True
2026000019,구리역 하이니티 리버파크,084.9908,84.9908,135070,1589.2308343961936,135070,82,104,82,543,6.621951219512195,True,True,True,True
2026000019,구리역 하이니티 리버파크,110.9548,110.9548,183650,1655.178505121004,183650,51,8,56,33,0.5892857142857143,True,True,True,True
2026000020,금정산 하늘채 루미엘,059.5222A,59.5222,68250,1146.6310049023723,68250,1,18,9,8,0.8888888888888888,True,True,True,True
2026000020,금정산 하늘채 루미엘,059.3377B,59.3377,67460,1136.882622683387,67460,1,8,2,7,3.5,True,True,True,True
2026000020,금정산 하늘채 루미엘,074.0928,74.0928,81290,1097.1376436036971,81290,4,45,49,5,0.1020408163265306,True,True,True,True
2026000020,금정산 하늘채 루미엘,084.2060,84.206,94190,1118.5663729425455,94190,7,39,42,25,0.5952380952380952,True,True,True,True
2026000020,금정산 하늘채 루미엘,106.4081,106.4081,136120,1279.2259235904032,136120,1,87,88,1,0.0113636363636363,True,True,True,True
2026000020,금정산 하늘채 루미엘,115.5582P,115.5582,206890,1790.3532592234908,206890,1,0,1,0,0.0,True,True,True,True
2026000020,금정산 하늘채 루미엘,128.3603P,128.3603,232870,1814.1902130175763,232870,1,0,1,0,0.0,True,True,True,True
2026000023,더샵 프리엘라,044.9800,44.98,88500,1967.5411293908403,88500,8,6,8,1166,145.75,True,True,True,True
2026000023,더샵 프리엘라,059.9700A,59.97,130039,2168.4008671002166,130039,1,14,1,896,896.0,True,True,True,True
2026000023,더샵 프리엘라,059.9900B,59.99,124982,2083.380563427238,124982,5,5,5,652,130.4,True,True,True,True
2026000023,더샵 프리엘라,059.9900C,59.99,126491,2108.534755792632,126491,8,4,8,1139,142.375,True,True,True,True
2026000023,더샵 프리엘라,074.9900A,74.99,150760,2010.4013868515804,150760,15,15,15,787,52.46666666666667,True,True,True,True
2026000023,더샵 프리엘라,074.9900B,74.99,147265,1963.795172689692,147265,8,5,8,236,29.5,True,True,True,True
2026000023,더샵 프리엘라,084.9900A,84.99,179888,2116.578420990705,179888,15,18,15,650,43.333333333333336,True,True,True,True
2026000023,더샵 프리엘라,084.9800B,84.98,176639,2078.5949635208285,176639,3,8,3,96,32.0,True,True,True,True
2026000029,썬밸리 오드카운티 가평설악,059.9741,59.9741,34660,577.9161337977561,34660,74,92,162,4,0.0246913580246913,True,True,True,True
2026000029,썬밸리 오드카운티 가평설악,067.7341,67.7341,34140,504.0297280099684,34140,20,23,43,1,0.0232558139534883,True,True,True,True
2026000029,썬밸리 오드카운티 가평설악,084.9857A,84.9857,47600,560.0942276171168,47600,161,198,358,1,0.0027932960893854,True,True,True,True
2026000029,썬밸리 오드카운티 가평설악,084.9700B,84.97,47190,555.372484406261,47190,87,105,192,1,0.0052083333333333,True,True,True,True
2026000029,썬밸리 오드카운티 가평설악,084.9700C,84.97,47190,555.372484406261,47190,29,34,63,1,0.0158730158730158,True,True,True,True
2026000029,썬밸리 오드카운티 가평설악,094.5459,94.5459,46780,494.7861303345782,46780,61,9,70,0,0.0,True,True,True,True
2026000029,썬밸리 오드카운티 가평설악,095.1100A,95.11,46640,490.3795605088845,46640,33,5,38,0,0.0,True,True,True,True
2026000029,썬밸리 오드카운티 가평설악,095.1100B,95.11,46640,490.3795605088845,46640,10,1,11,1,0.0909090909090909,True,True,True,True
2026000029,썬밸리 오드카운티 가평설악,114.9460,114.946,64620,562.1770222539279,64620,73,11,84,0,0.0,True,True,True,True
2026000029,썬밸리 오드카운티 가평설악,125.7060,125.706,62510,497.2714110702751,62510,12,1,13,1,0.0769230769230769,True,True,True,True
2026000033,해링턴플레이스 오룡역,084.9880A,84.988,69493,817.680143079023,69493,66,81,139,37,0.2661870503597122,True,True,True,True
2026000033,해링턴플레이스 오룡역,084.8990B,84.899,68441,806.146126573929,68441,74,90,159,26,0.1635220125786163,True,True,True,True
2026000033,해링턴플레이스 오룡역,084.9460C,84.946,67428,793.7748687401408,67428,34,42,73,8,0.1095890410958904,True,True,True,True
2026000033,해링턴플레이스 오룡역,084.9310D,84.931,65856,775.405917744993,65856,8,6,14,3,0.2142857142857142,True,True,True,True
2026000033,해링턴플레이스 오룡역,084.9380E,84.938,67488,794.5560291035814,67488,8,6,14,2,0.1428571428571428,True,True,True,True
2026000033,해링턴플레이스 오룡역,084.9060F,84.906,67185,791.2868348526605,67185,6,6,12,4,0.3333333333333333,True,True,True,True
2026000034,더 플래티넘 센트럴포레,059.9982A,59.9982,45200,753.3559340113537,45200,12,15,24,3,0.125,True,True,True,True
2026000034,더 플래티넘 센트럴포레,059.9988B,59.9988,39100,651.6797002606719,39100,7,10,15,1,0.0666666666666666,True,True,True,True
2026000034,더 플래티넘 센트럴포레,059.9973C,59.9973,45200,753.367234858902,45200,2,1,3,0,0.0,True,True,True,True
2026000034,더 플래티넘 센트럴포레,074.9963,74.9963,56000,746.7035040395326,56000,8,10,17,0,0.0,True,True,True,True
2026000034,더 플래티넘 센트럴포레,084.9988A,84.9988,62900,740.0104472063135,62900,19,23,40,2,0.05,True,True,True,True
2026000034,더 플래티넘 센트럴포레,084.9993B,84.9993,53200,625.8875073088836,53200,2,3,4,2,0.5,True,True,True,True
2026000035,연수 월드메르디앙 어반포레,060.9207A,60.9207,49200,807.6072664956247,49200,32,35,65,22,0.3384615384615385,True,True,True,True
2026000035,연수 월드메르디앙 어반포레,074.5984A,74.5984,59900,802.9662834591627,59900,15,17,29,7,0.2413793103448276,True,True,True,True
2026000035,연수 월드메르디앙 어반포레,074.3599B,74.3599,59000,793.4383989219997,59000,8,9,14,6,0.4285714285714285,True,True,True,True
2026000035,연수 월드메르디앙 어반포레,074.4921C,74.4921,58400,783.9757504487054,58400,8,9,17,3,0.1764705882352941,True,True,True,True
2026000038,상주자이르네,084.9878A,84.9878,45520,535.6062870200194,45520,199,243,405,375,0.925925925925926,True,True,True,True
2026000038,상주자이르네,084.9851B,84.9851,45520,535.6233033790629,45520,30,37,58,84,1.4482758620689655,True,True,True,True
2026000038,상주자이르네,084.9837C,84.9837,42940,505.2733641863087,42940,24,32,52,24,0.4615384615384615,True,True,True,True
2026000038,상주자이르네,099.9733A,99.9733,57850,578.6545007517008,57850,92,14,103,46,0.4466019417475728,True,True,True,True
2026000038,상주자이르네,099.7091B,99.7091,58630,588.0105226102733,58630,13,2,15,32,2.1333333333333333,True,True,True,True
2026000038,상주자이르네,099.9953C,99.9953,58510,585.1275009925466,58510,4,1,5,4,0.8,True,True,True,True
2026000038,상주자이르네,112.8723,112.8723,66040,585.0859776933756,66040,2,0,2,11,5.5,True,True,True,True
2026000038,상주자이르네,125.7993,125.7993,72540,576.632779355688,72540,68,10,78,9,0.1153846153846153,True,True,True,True
2026000038,상주자이르네,135.8972P,135.8972,98370,723.8559734858408,98370,1,0,1,4,4.0,True,True,True,True
2026000038,상주자이르네,135.6960P,135.696,98060,722.6447352906497,98060,1,0,1,7,7.0,True,True,True,True
2026000039,래미안 엘라비네,044.8400,44.84,90200,2011.5967885816235,90200,7,5,7,981,140.14285714285714,True,True,True,True
2026000039,래미안 엘라비네,059.5300B,59.53,142900,2400.4703510834875,142900,5,9,5,1144,228.8,True,True,True,True
2026000039,래미안 엘라비네,076.2100A,76.21,168800,2214.932423566461,168800,17,22,17,267,15.705882352941176,True,True,True,True
2026000039,래미안 엘라비네,084.5300A,84.53,184800,2186.2060806814147,184800,39,42,39,649,16.641025641025642,True,True,True,True
2026000039,래미안 엘라비네,084.3200B,84.32,182000,2158.4440227703985,182000,33,34,33,201,6.090909090909091,True,True,True,True
2026000039,래미안 엘라비네,084.1000C,84.1,180200,2142.68727705113,180200,6,10,6,63,10.5,True,True,True,True
2026000039,래미안 엘라비네,084.3300D,84.33,182000,2158.18807067473,182000,6,8,6,57,9.5,True,True,True,True
2026000039,래미안 엘라비네,115.2200,115.22,223700,1941.5032112480471,223700,24,5,24,140,5.833333333333333,True,True,True,True
2026000044,용인 플랫폼시티 라온프라이빗 아르디에,084.6802A,84.6802,79800,942.3690543952424,79800,36,47,49,109,2.224489795918368,True,True,True,True
2026000044,용인 플랫폼시티 라온프라이빗 아르디에,084.6968B,84.6968,82800,977.6048209613588,82800,18,24,22,51,2.3181818181818183,True,True,True,True
2026000044,용인 플랫폼시티 라온프라이빗 아르디에,084.6402C,84.6402,78800,930.9996904544178,78800,8,10,10,24,2.4,True,True,True,True
2026000044,용인 플랫폼시티 라온프라이빗 아르디에,103.8844A,103.8844,90800,874.0484615591946,90800,9,1,9,16,1.7777777777777777,True,True,True,True
2026000044,용인 플랫폼시티 라온프라이빗 아르디에,103.8844B,103.8844,82800,797.0397865319528,82800,2,0,2,5,2.5,True,True,True,True
2026000044,용인 플랫폼시티 라온프라이빗 아르디에,116.6358,116.6358,106000,908.8118742272956,106000,18,3,21,1,0.0476190476190476,True,True,True,True
2026000044,용인 플랫폼시티 라온프라이빗 아르디에,119.1573A,119.1573,108300,908.8826282569344,108300,36,5,41,10,0.2439024390243902,True,True,True,True
2026000044,용인 플랫폼시티 라온프라이빗 아르디에,119.1573B,119.1573,101500,851.8152056147629,101500,18,3,20,1,0.05,True,True,True,True
2026000047,범어역 파크드림 디아르,073.1594,73.1594,83210,1137.3794755014392,83210,12,13,12,555,46.25,True,True,True,True
2026000047,범어역 파크드림 디아르,074.8544,74.8544,84490,1128.7245639534883,84490,6,9,6,507,84.5,True,True,True,True
2026000047,범어역 파크드림 디아르,084.9453A,84.9453,97350,1146.0316227030808,97350,3,4,3,1069,356.3333333333333,True,True,True,True
2026000049,"옥정중앙역 대방 디에트르(중상1, 복합1BL)",084.7277A,84.7277,61597,726.9995526846592,61597,362,672,748,1291,1.7259358288770053,True,True,True,True
2026000049,"옥정중앙역 대방 디에트르(중상1, 복합1BL)",084.9343B,84.9343,56709,667.6807838529311,56709,359,668,938,577,0.6151385927505331,True,True,True,True
2026000049,"옥정중앙역 대방 디에트르(중상1, 복합1BL)",128.8451A,128.8451,91703,711.7305974383194,91703,321,47,359,109,0.3036211699164345,True,True,True,True
2026000049,"옥정중앙역 대방 디에트르(중상1, 복합1BL)",128.6421B,128.6421,82706,642.9154996692374,82706,329,49,376,70,0.1861702127659574,True,True,True,True
2026000051,아산탕정자이 메트로시티(A3BL),059.9941A,59.9941,43200,720.0708069626846,43200,62,70,62,341,5.5,True,True,True,True
2026000051,아산탕정자이 메트로시티(A3BL),059.9843B,59.9843,42100,701.8503174997458,42100,17,17,20,35,1.75,True,True,True,True
2026000051,아산탕정자이 메트로시티(A3BL),084.9905A,84.9905,55900,657.7205687694508,55900,436,527,580,4721,8.139655172413793,True,True,True,True
2026000051,아산탕정자이 메트로시티(A3BL),084.9923B,84.9923,55900,657.7066393073255,55900,152,182,286,473,1.6538461538461535,True,True,True,True
2026000051,아산탕정자이 메트로시티(A3BL),084.9921C,84.9921,55200,649.4721274094887,55200,33,33,46,198,4.304347826086956,True,True,True,True
2026000051,아산탕정자이 메트로시티(A3BL),084.9921D,84.9921,56100,660.0613468781216,56100,33,33,57,119,2.087719298245614,True,True,True,True
2026000051,아산탕정자이 메트로시티(A3BL),084.9409E,84.9409,55900,658.1046351051143,55900,16,15,27,54,2.0,True,True,True,True
2026000051,아산탕정자이 메트로시티(A3BL),125.6353A,125.6353,109300,869.9784216697059,109300,6,0,6,405,67.5,True,True,True,True
2026000051,아산탕정자이 메트로시티(A3BL),125.9654B,125.9654,109200,866.9047214552568,109200,5,0,5,119,23.8,True,True,True,True
2026000051,아산탕정자이 메트로시티(A3BL),125.8495C,125.8495,109000,866.113890003536,109000,1,0,1,44,44.0,True,True,True,True
2026000053,공주월송 진아레히,084.9584A,84.9584,43900,516.7234787849112,43900,164,241,324,401,1.2376543209876545,True,True,True,True
2026000053,공주월송 진아레히,084.9739B,84.9739,42800,503.68407240340855,42800,61,86,139,60,0.4316546762589928,True,True,True,True
2026000053,공주월송 진아레히,104.9424,104.9424,54000,514.5679915839546,54000,44,8,51,27,0.5294117647058824,True,True,True,True
2026000053,공주월송 진아레히,116.9709,116.9709,58800,502.6891303734519,58800,87,18,103,38,0.3689320388349514,True,True,True,True
2026000053,공주월송 진아레히,132.8427,132.8427,65700,494.5698935658489,65700,84,18,100,25,0.25,True,True,True,True
2026000055,의정부역 센트럴 아이파크,074.6029A,74.6029,73700,987.8972533239324,73700,37,43,42,127,3.023809523809524,True,True,True,True
2026000055,의정부역 센트럴 아이파크,084.8422A,84.8422,82600,973.5721138772922,82600,74,86,94,200,2.127659574468085,True,True,True,True
2026000055,의정부역 센트럴 아이파크,084.7200B,84.72,80800,953.7299338999056,80800,74,86,141,55,0.3900709219858156,True,True,True,True
2026000057,에코델타시티 엘가 로제비앙,084.9345A,84.9345,60600,713.4909842290235,60600,208,390,592,32,0.054054054054054,True,True,True,True
2026000057,에코델타시티 엘가 로제비앙,084.9647B,84.9647,54700,643.7967767790624,54700,48,84,131,6,0.0458015267175572,True,True,True,True
2026000057,에코델타시티 엘가 로제비앙,084.9444C,84.9444,54700,643.9506312364323,54700,23,35,58,9,0.1551724137931034,True,True,True,True
2026000057,에코델타시티 엘가 로제비앙,104.9329A,104.9329,77300,736.6612378005373,77300,137,20,157,6,0.0382165605095541,True,True,True,True
2026000057,에코델타시티 엘가 로제비앙,104.9521B,104.9521,75900,723.1870539036379,75900,47,6,53,0,0.0,True,True,True,True
2026000058,오티에르 반포,044.0000,44.0,142640,3241.818181818182,142640,5,5,5,3114,622.8,True,True,True,True
2026000058,오티에르 반포,044.8507B,44.8507,144160,3214.219621990292,144160,2,1,2,685,342.5,True,True,True,True
2026000058,오티에르 반포,045.0000,45.0,146220,3249.333333333333,146220,2,4,2,658,329.0,True,True,True,True
2026000058,오티에르 반포,045.9415B,45.9415,148860,3240.2076553878305,148860,3,1,3,1249,416.3333333333333,True,True,True,True
2026000058,오티에르 반포,059.5839A,59.5839,204610,3433.981327170595,204610,3,5,3,2819,939.6666666666666,True,True,True,True
2026000058,오티에르 반포,059.3427B,59.3427,200550,3379.522670859263,200550,15,20,15,17713,1180.8666666666666,True,True,True,True
2026000058,오티에르 반포,084.9499A,84.9499,275650,3244.8537314346454,275650,4,7,4,3077,769.25,True,True,True,True
2026000058,오티에르 반포,097.5311,97.5311,316860,3248.8098668014613,316860,1,0,1,160,160.0,True,True,True,True
2026000058,오티에르 반포,097.6619,97.6619,309870,3172.8852295521588,309870,2,0,2,349,174.5,True,True,True,True
2026000058,오티에르 반포,113.9162A,113.9162,347090,3046.888853385208,347090,1,0,1,106,106.0,True,True,True,True
2026000058,오티에르 반포,113.4788B,113.4788,358790,3161.7359365802245,358790,3,0,3,304,101.33333333333331,True,True,True,True
2026000058,오티에르 반포,115.9969A,115.9969,366890,3162.929354146533,366890,2,0,2,306,153.0,True,True,True,True
2026000063,오션포레베네스트하우스(미단시티 공동8BL),084.8443,84.8443,43300,510.3465995947871,43300,49,95,142,11,0.0774647887323943,True,True,True,True
2026000063,오션포레베네스트하우스(미단시티 공동8BL),084.9673,84.9673,44200,520.2001240477219,44200,2,1,3,5,1.6666666666666667,True,True,True,True
2026000063,오션포레베네스트하우스(미단시티 공동8BL),084.9673B,84.9673,48500,570.8078284234052,48500,6,47,53,8,0.1509433962264151,True,True,True,True
2026000063,오션포레베네스트하우스(미단시티 공동8BL),084.8474C,84.8474,43300,510.3279534788338,43300,6,47,51,2,0.0392156862745098,True,True,True,True
2026000064,더샵 신길센트럴시티,051.9981A,51.9981,124000,2384.7025179766183,124000,8,0,8,192,24.0,True,True,True,True
2026000064,더샵 신길센트럴시티,051.9931B,51.9931,125000,2404.1651680703785,125000,16,24,16,495,30.9375,True,True,True,True
2026000064,더샵 신길센트럴시티,051.9927C,51.9927,123000,2365.71672561725,123000,34,24,34,866,25.47058823529412,True,True,True,True
2026000064,더샵 신길센트럴시티,051.9909D,51.9909,125000,2404.2669005537505,125000,20,16,20,468,23.4,True,True,True,True
2026000064,더샵 신길센트럴시티,051.9953E,51.9953,124000,2384.8309366423505,124000,8,0,8,58,7.25,True,True,True,True
2026000064,더샵 신길센트럴시티,059.9973A,59.9973,145000,2416.775421560637,145000,16,11,16,663,41.4375,True,True,True,True
2026000064,더샵 신길센트럴시티,059.9945B,59.9945,145000,2416.888214753019,145000,54,70,54,2727,50.5,True,True,True,True
2026000064,더샵 신길센트럴시티,059.9903C,59.9903,146000,2433.726785830376,146000,15,11,15,439,29.266666666666666,True,True,True,True
2026000064,더샵 신길센트럴시티,059.9987D,59.9987,145000,2416.719028912293,145000,14,11,14,301,21.5,True,True,True,True
2026000064,더샵 신길센트럴시티,074.9939A,74.9939,168000,2240.1822014857207,168000,7,18,7,99,14.142857142857142,True,True,True,True
2026000064,더샵 신길센트럴시티,074.9944B,74.9944,168000,2240.1672658225148,168000,12,11,12,177,14.75,True,True,True,True
2026000064,더샵 신길센트럴시티,074.9920C,74.992,166000,2213.569447407723,166000,11,11,11,131,11.909090909090908,True,True,True,True
2026000064,더샵 신길센트럴시티,074.9992D,74.9992,167000,2226.690418031126,167000,1,0,1,20,20.0,True,True,True,True
2026000064,더샵 신길센트럴시티,074.9992E,74.9992,167000,2226.690418031126,167000,1,0,1,16,16.0,True,True,True,True
2026000064,더샵 신길센트럴시티,084.9993A,84.9993,186000,2188.2533150273,186000,9,43,9,479,53.22222222222222,True,True,True,True
2026000064,더샵 신길센트럴시티,084.9977B,84.9977,188000,2211.824555252672,188000,1,0,1,102,102.0,True,True,True,True
2026000069,야목역 서희스타힐스 그랜드힐,059.9567A,59.9567,41900,698.8376611788174,41900,31,37,55,26,0.4727272727272727,True,True,True,True
2026000069,야목역 서희스타힐스 그랜드힐,059.9649B,59.9649,41700,695.4068129855966,41700,2,3,5,6,1.2,True,True,True,True
2026000069,야목역 서희스타힐스 그랜드힐,059.9747C,59.9747,42500,708.6321398856518,42500,2,1,3,7,2.333333333333333,True,True,True,True
2026000069,야목역 서희스타힐스 그랜드힐,084.9501A,84.9501,57600,678.0451111888037,57600,32,35,62,11,0.1774193548387097,True,True,True,True
2026000069,야목역 서희스타힐스 그랜드힐,084.9553B,84.9553,56600,666.2327129678785,56600,43,55,94,13,0.1382978723404255,True,True,True,True
2026000071,르네오션 고성 퍼스트뷰,074.8300,74.83,44500,594.681277562475,44500,16,12,28,6,0.2142857142857142,True,True,True,True
2026000071,르네오션 고성 퍼스트뷰,084.9800A,84.98,48300,568.3690280065898,48300,17,17,34,47,1.3823529411764706,True,True,True,True
2026000071,르네오션 고성 퍼스트뷰,084.9800B,84.98,48300,568.3690280065898,48300,70,79,149,37,0.2483221476510067,True,True,True,True
2026000071,르네오션 고성 퍼스트뷰,084.9800C,84.98,47600,560.1317957166392,47600,9,6,15,6,0.4,True,True,True,True
2026000071,르네오션 고성 퍼스트뷰,109.8300,109.83,65200,593.6447236638442,65200,24,2,26,5,0.1923076923076923,True,True,True,True
2026000071,르네오션 고성 퍼스트뷰,117.1500A,117.15,93700,799.8292787025181,93700,2,0,2,0,0.0,True,True,True,True
2026000071,르네오션 고성 퍼스트뷰,117.1500B,117.15,167000,1425.522833973538,167000,1,0,1,1,1.0,True,True,True,True
2026000071,르네오션 고성 퍼스트뷰,117.1500C,117.15,98800,843.3632095603926,98800,1,0,1,0,0.0,True,True,True,True
2026000071,르네오션 고성 퍼스트뷰,130.5600,130.56,188700,1445.3125,188700,1,0,1,0,0.0,True,True,True,True
2026000071,르네오션 고성 퍼스트뷰,137.2300A,137.23,196500,1431.9026451941995,196500,1,0,1,3,3.0,True,True,True,True
2026000071,르네오션 고성 퍼스트뷰,137.2300B,137.23,164000,1195.0739634190777,164000,1,0,1,3,3.0,True,True,True,True
2026000071,르네오션 고성 퍼스트뷰,143.4900,143.49,174200,1214.0218830580527,174200,1,0,1,0,0.0,True,True,True,True
2026000071,르네오션 고성 퍼스트뷰,147.2300,147.23,176800,1200.84221965632,176800,1,0,1,0,0.0,True,True,True,True
2026000071,르네오션 고성 퍼스트뷰,148.7600,148.76,178500,1199.9193331540737,178500,1,0,1,0,0.0,True,True,True,True
2026000071,르네오션 고성 퍼스트뷰,183.7600,183.76,234600,1276.6652154984763,234600,1,0,1,4,4.0,True,True,True,True
2026000074,엄궁역 트라비스 하늘채,059.0000A,59.0,49950,846.6101694915254,49950,136,163,254,161,0.6338582677165354,True,True,True,True
2026000074,엄궁역 트라비스 하늘채,059.9847B,59.9847,48620,810.5400210386982,48620,12,15,25,3,0.12,True,True,True,True
2026000074,엄궁역 트라비스 하늘채,074.9802A,74.9802,61630,821.9503282199835,61630,3,3,6,12,2.0,True,True,True,True
2026000074,엄궁역 트라비스 하늘채,074.9891B,74.9891,59260,790.248182735891,59260,10,12,20,4,0.2,True,True,True,True
2026000074,엄궁역 트라비스 하늘채,084.9869A,84.9869,69780,821.0677174952846,69780,171,210,329,339,1.0303951367781157,True,True,True,True
2026000074,엄궁역 트라비스 하늘채,084.9808B,84.9808,68540,806.535123227835,68540,120,151,265,35,0.1320754716981132,True,True,True,True
2026000074,엄궁역 트라비스 하늘채,084.9896C,84.9896,68970,811.5110554703164,68970,16,20,36,7,0.1944444444444444,True,True,True,True
2026000074,엄궁역 트라비스 하늘채,101.2177B,101.2177,88030,869.7095468480316,88030,15,2,17,20,1.1764705882352942,True,True,True,True
2026000074,엄궁역 트라비스 하늘채,133.3409,133.3409,126340,947.4962295889708,126340,1,0,1,5,5.0,True,True,True,True
2026000074,엄궁역 트라비스 하늘채,155.2873,155.2873,146160,941.2231393037292,146160,1,0,1,2,2.0,True,True,True,True
2026000075,창원자이 더 스카이,084.9951A,84.9951,93610,1101.3576076738543,93610,113,133,113,1307,11.56637168141593,True,True,True,True
2026000075,창원자이 더 스카이,084.9016B,84.9016,89940,1059.3439935172012,89940,42,44,63,138,2.1904761904761907,True,True,True,True
2026000075,창원자이 더 스카이,084.9771C,84.9771,91450,1076.1722864159874,91450,43,45,49,253,5.163265306122449,True,True,True,True
2026000075,창원자이 더 스카이,084.8846D,84.8846,91220,1074.635446241132,91220,22,22,30,80,2.6666666666666665,True,True,True,True
2026000075,창원자이 더 스카이,106.5247A,106.5247,124100,1164.9880262511888,124100,40,5,40,212,5.3,True,True,True,True
2026000078,천안 동일하이빌 파크레인,084.4024A,84.4024,44700,529.6057932001934,44700,78,93,167,12,0.0718562874251497,True,True,True,True
2026000078,천안 동일하이빌 파크레인,084.8374B,84.8374,42400,499.7795783463425,42400,73,88,161,3,0.0186335403726708,True,True,True,True
2026000078,천안 동일하이빌 파크레인,084.5725C,84.5725,41300,488.3384078749002,41300,97,116,211,8,0.0379146919431279,True,True,True,True
2026000078,천안 동일하이빌 파크레인,084.4153D,84.4153,41700,493.9862797383887,41700,61,76,137,1,0.0072992700729927,True,True,True,True
2026000078,천안 동일하이빌 파크레인,084.4742E,84.4742,44700,529.1556475231491,44700,20,23,43,1,0.0232558139534883,True,True,True,True
2026000078,천안 동일하이빌 파크레인,084.7900F,84.79,45200,533.0817313362425,45200,12,16,27,3,0.1111111111111111,True,True,True,True
2026000078,천안 동일하이빌 파크레인,084.9167G,84.9167,42200,496.9576066898501,42200,64,78,142,1,0.0070422535211267,True,True,True,True
2026000082,골드클래스 시그니처,039.9170A,39.917,19432,486.8101310218704,19432,12,5,12,39,3.25,True,True,True,True
2026000082,골드클래스 시그니처,039.9170B,39.917,19695,493.3988025152191,19695,11,6,12,47,3.9166666666666665,True,True,True,True
2026000082,골드클래스 시그니처,059.9263,59.9263,37840,631.4422882774342,37840,60,71,60,1373,22.883333333333333,True,True,True,True
2026000082,골드클래스 시그니처,084.9899A,84.9899,54670,643.252904168613,54670,16,18,16,1292,80.75,True,True,True,True
2026000082,골드클래스 시그니처,084.9902B,84.9902,55301,650.6750190021909,55301,36,42,36,2378,66.05555555555556,True,True,True,True
2026000082,골드클래스 시그니처,084.9732C,84.9732,53572,630.457603103096,53572,11,16,11,379,34.45454545454545,True,True,True,True
2026000082,골드클래스 시그니처,121.9577,121.9577,79981,655.8093502911255,79981,33,4,33,729,22.09090909090909,True,True,True,True
2026000086,업성 푸르지오 레이크시티,072.7578A,72.7578,50890,699.443908419441,50890,220,264,474,98,0.2067510548523206,True,True,True,True
2026000086,업성 푸르지오 레이크시티,072.8526B,72.8526,51440,706.083242053132,51440,88,101,184,49,0.266304347826087,True,True,True,True
2026000086,업성 푸르지오 레이크시티,072.8920C,72.892,49980,685.6719530263953,49980,20,18,38,6,0.1578947368421052,True,True,True,True
2026000086,업성 푸르지오 레이크시티,072.8938D,72.8938,50540,693.3374306182419,50540,20,18,38,2,0.0526315789473684,True,True,True,True
2026000086,업성 푸르지오 레이크시티,084.9631A,84.9631,60990,717.8410392276177,60990,85,99,174,221,1.2701149425287357,True,True,True,True
2026000086,업성 푸르지오 레이크시티,084.9637B,84.9637,61870,728.1933343298373,61870,36,39,48,529,11.020833333333334,True,True,True,True
2026000086,업성 푸르지오 레이크시티,084.9789C,84.9789,60620,713.3535501165584,60620,53,60,110,59,0.5363636363636364,True,True,True,True
2026000086,업성 푸르지오 레이크시티,084.9924D,84.9924,61180,719.8290670695262,61180,19,18,36,21,0.5833333333333334,True,True,True,True
2026000086,업성 푸르지오 레이크시티,095.7927A,95.7927,76960,803.4015118062233,76960,199,28,226,418,1.8495575221238936,True,True,True,True
2026000086,업성 푸르지오 레이크시티,095.7890B,95.789,77920,813.4545720281034,77920,66,9,72,150,2.083333333333333,True,True,True,True
2026000087,청주 푸르지오 씨엘리체,084.9904A,84.9904,52100,613.0104105875488,52100,246,245,246,4252,17.284552845528456,True,True,True,True
2026000087,청주 푸르지오 씨엘리체,084.9263B,84.9263,51000,600.5206867601673,51000,85,79,127,407,3.204724409448819,True,True,True,True
2026000087,청주 푸르지오 씨엘리체,084.9403C,84.9403,51600,607.4854927519682,51600,86,82,138,397,2.8768115942028984,True,True,True,True
2026000087,청주 푸르지오 씨엘리체,114.9039A,114.9039,67500,587.4474234556008,67500,276,40,297,1128,3.797979797979798,True,True,True,True
2026000087,청주 푸르지오 씨엘리체,114.9508B,114.9508,66100,575.0286209404371,66100,91,13,102,137,1.343137254901961,True,True,True,True
2026000087,청주 푸르지오 씨엘리체,114.7078C,114.7078,66800,582.3492386742662,66800,95,13,105,251,2.3904761904761904,True,True,True,True
2026000088,용인 양지 서희스타힐스 하이뷰,059.9671A,59.9671,42200,703.7192060313072,42200,49,56,91,18,0.1978021978021978,True,True,True,True
2026000088,용인 양지 서희스타힐스 하이뷰,059.9960B,59.996,42300,705.0470031335423,42300,37,42,73,5,0.0684931506849315,True,True,True,True
2026000088,용인 양지 서희스타힐스 하이뷰,059.9759C,59.9759,42100,701.9486160274377,42100,30,33,60,2,0.0333333333333333,True,True,True,True
2026000088,용인 양지 서희스타힐스 하이뷰,069.9865A,69.9865,47600,680.1311681538582,47600,53,61,112,11,0.0982142857142857,True,True,True,True
2026000088,용인 양지 서희스타힐스 하이뷰,074.9936A,74.9936,50100,668.0570075313093,50100,18,18,33,8,0.2424242424242424,True,True,True,True
2026000088,용인 양지 서희스타힐스 하이뷰,074.9980B,74.998,49900,665.351076028694,49900,22,24,45,3,0.0666666666666666,True,True,True,True
2026000088,용인 양지 서희스타힐스 하이뷰,084.9999A,84.9999,54400,640.0007529420623,54400,28,30,54,13,0.2407407407407407,True,True,True,True
2026000088,용인 양지 서희스타힐스 하이뷰,084.9989B,84.9989,53900,634.1258533933968,53900,23,23,43,2,0.0465116279069767,True,True,True,True
2026000089,강릉 우미 린 더 프리미어,084.9828A,84.9828,54640,642.9536329704364,54640,51,66,93,89,0.956989247311828,True,True,True,True
2026000089,강릉 우미 린 더 프리미어,084.8256B,84.8256,53460,630.2342688999548,53460,34,46,78,11,0.141025641025641,True,True,True,True
2026000089,강릉 우미 린 더 프리미어,084.9271C,84.9271,53260,627.1260881391217,53260,104,133,229,65,0.2838427947598253,True,True,True,True
2026000089,강릉 우미 린 더 프리미어,084.7928D,84.7928,53740,633.7802266230152,53740,4,11,15,1,0.0666666666666666,True,True,True,True
2026000089,강릉 우미 린 더 프리미어,084.9839E,84.9839,54840,645.2986977533391,54840,36,49,81,18,0.2222222222222222,True,True,True,True
2026000089,강릉 우미 린 더 프리미어,117.9680A,117.968,75070,636.3590126135902,75070,68,11,77,13,0.1688311688311688,True,True,True,True
2026000089,강릉 우미 린 더 프리미어,117.9647B,117.9647,72890,617.8967097784338,72890,34,7,41,2,0.048780487804878,True,True,True,True
2026000089,강릉 우미 린 더 프리미어,125.9243A,125.9243,79550,631.728744968207,79550,102,16,118,7,0.059322033898305,True,True,True,True
2026000090,소제지구 A3BL 중흥S-클래스 우미린,084.9587A,84.9587,47550,559.6837051414393,47550,118,339,419,201,0.4797136038186158,True,True,True,True
2026000090,소제지구 A3BL 중흥S-클래스 우미린,084.9965B,84.9965,47450,558.2582812233445,47450,28,69,94,4,0.0425531914893617,True,True,True,True
2026000090,소제지구 A3BL 중흥S-클래스 우미린,084.9625C,84.9625,47600,560.2471678681771,47600,52,142,184,48,0.2608695652173913,True,True,True,True
2026000090,소제지구 A3BL 중흥S-클래스 우미린,084.9538D,84.9538,47450,558.5388764245978,47450,25,75,99,4,0.0404040404040404,True,True,True,True
2026000090,소제지구 A3BL 중흥S-클래스 우미린,084.9531E,84.9531,48250,567.9604393482992,48250,7,8,10,15,1.5,True,True,True,True
2026000090,소제지구 A3BL 중흥S-클래스 우미린,084.9923F,84.9923,48050,565.3453312829515,48050,7,8,9,32,3.555555555555556,True,True,True,True
2026000090,소제지구 A3BL 중흥S-클래스 우미린,109.9697A,109.9697,65200,592.8905871344562,65200,37,9,42,81,1.9285714285714288,True,True,True,True
2026000090,소제지구 A3BL 중흥S-클래스 우미린,109.9474B,109.9474,64200,583.9155814507665,64200,105,30,134,36,0.2686567164179104,True,True,True,True
2026000090,소제지구 A3BL 중흥S-클래스 우미린,135.9436A,135.9436,84500,621.5813028344107,84500,24,6,30,20,0.6666666666666666,True,True,True,True
2026000090,소제지구 A3BL 중흥S-클래스 우미린,135.9282T,135.9282,86400,635.6296927348409,86400,6,0,6,1,0.1666666666666666,True,True,True,True
2026000091,소제지구 A4BL 중흥S-클래스 우미린,084.9587A,84.9587,49100,577.9278637738101,49100,74,211,227,274,1.2070484581497798,True,True,True,True
2026000091,소제지구 A4BL 중흥S-클래스 우미린,084.9965B,84.9965,49000,576.4943262369627,49000,35,96,117,31,0.2649572649572649,True,True,True,True
2026000091,소제지구 A4BL 중흥S-클래스 우미린,084.9625C,84.9625,49300,580.2559952920406,49300,25,66,77,55,0.7142857142857143,True,True,True,True
2026000091,소제지구 A4BL 중흥S-클래스 우미린,084.9538D,84.9538,49000,576.7840873510072,49000,13,30,42,13,0.3095238095238095,True,True,True,True
2026000091,소제지구 A4BL 중흥S-클래스 우미린,084.9531E,84.9531,48800,574.434599796829,48800,8,9,15,7,0.4666666666666667,True,True,True,True
2026000091,소제지구 A4BL 중흥S-클래스 우미린,084.9923F,84.9923,49100,577.6993915919442,49100,8,9,13,24,1.8461538461538465,True,True,True,True
2026000093,더샵 안동더퍼스트,070.9692,70.9692,41860,589.8333361514573,41860,35,38,45,340,7.555555555555555,True,True,True,True
2026000093,더샵 안동더퍼스트,084.9785A,84.9785,49810,586.1482610307313,49810,65,84,106,370,3.490566037735849,True,True,True,True
2026000093,더샵 안동더퍼스트,084.9702B,84.9702,48340,568.905333869992,48340,75,89,87,1067,12.264367816091951,True,True,True,True
2026000093,더샵 안동더퍼스트,084.9571C,84.9571,48550,571.4648922809276,48550,17,20,17,254,14.941176470588236,True,True,True,True
2026000093,더샵 안동더퍼스트,109.9600,109.96,63550,577.9374317933795,63550,58,8,58,351,6.051724137931035,True,True,True,True
2026000093,더샵 안동더퍼스트,141.9559,141.9559,91350,643.5097097056198,91350,4,0,4,30,7.5,True,True,True,True
2026000094,라클라체자이드파인,059.9116A,59.9116,215010,3588.787480220859,215010,60,72,60,2430,40.5,True,True,True,True
2026000094,라클라체자이드파인,059.8054B,59.8054,218990,3661.7094777394686,218990,5,4,5,212,42.4,True,True,True,True
2026000094,라클라체자이드파인,059.9537C,59.9537,220880,3684.176289369964,220880,16,12,16,597,37.3125,True,True,True,True
2026000094,라클라체자이드파인,084.9634A,84.9634,258510,3042.604227231961,258510,28,37,28,598,21.357142857142858,True,True,True,True
2026000094,라클라체자이드파인,084.9995B,84.9995,251350,2957.0762180954007,251350,40,51,40,736,18.4,True,True,True,True
2026000094,라클라체자이드파인,084.9712C,84.9712,258320,3040.088877172501,258320,10,10,10,141,14.1,True,True,True,True
2026000094,라클라체자이드파인,106.9502A,106.9502,301310,2817.292534282311,301310,21,3,21,129,6.142857142857143,True,True,True,True
2026000096,천안 동문 디 이스트 파크시티,059.9018A,59.9018,42220,704.8202224307116,42220,9,5,13,5,0.3846153846153846,True,True,True,True
2026000096,천안 동문 디 이스트 파크시티,059.9659B,59.9659,41830,697.563115037046,41830,3,0,3,1,0.3333333333333333,True,True,True,True
2026000096,천안 동문 디 이스트 파크시티,074.9271A,74.9271,50650,675.9903959982437,50650,16,9,25,0,0.0,True,True,True,True
2026000096,천안 동문 디 이스트 파크시티,074.9536B,74.9536,50910,679.2202109038126,50910,12,6,18,1,0.0555555555555555,True,True,True,True
2026000096,천안 동문 디 이스트 파크시티,084.9911A,84.9911,58250,685.365879486205,58250,109,120,228,3,0.0131578947368421,True,True,True,True
2026000096,천안 동문 디 이스트 파크시티,084.9755B,84.9755,58760,691.4934304593677,58760,52,56,108,1,0.0092592592592592,True,True,True,True
2026000096,천안 동문 디 이스트 파크시티,105.9965,105.9965,72550,684.4565622449798,72550,90,13,103,2,0.0194174757281553,True,True,True,True
2026000097,강릉 성보필리오 더센트럴힐즈,059.6730A,59.673,42430,711.0418447203928,42430,7,6,12,1,0.0833333333333333,True,True,True,True
2026000097,강릉 성보필리오 더센트럴힐즈,059.9798B,59.9798,46559,776.2446690385764,46559,23,29,51,0,0.0,True,True,True,True
2026000097,강릉 성보필리오 더센트럴힐즈,074.9678,74.9678,54175,722.6435883139161,54175,23,26,49,0,0.0,True,True,True,True
2026000097,강릉 성보필리오 더센트럴힐즈,084.5203,84.5203,60248,712.8228366439778,60248,16,18,34,2,0.0588235294117647,True,True,True,True
2026000102,울산신복역 비스타 메트로,084.9183A,84.9183,79500,936.1939652583718,79500,27,41,68,18,0.2647058823529412,True,True,True,True
2026000102,울산신복역 비스타 메트로,084.9279B,84.9279,79500,936.08814064636,79500,27,41,68,20,0.2941176470588235,True,True,True,True
2026000102,울산신복역 비스타 메트로,084.9154C,84.9154,79500,936.2259378157554,79500,55,83,137,24,0.1751824817518248,True,True,True,True
2026000102,울산신복역 비스타 메트로,084.6110D,84.611,79500,939.5941426055712,79500,55,83,138,18,0.1304347826086956,True,True,True,True
2026000102,울산신복역 비스타 메트로,084.9260E,84.926,79100,931.3991003932836,79100,27,41,67,6,0.0895522388059701,True,True,True,True
2026000102,울산신복역 비스타 메트로,084.9260F,84.926,76000,894.8967336269222,76000,1,0,1,1,1.0,True,True,True,True
2026000103,더샵 분당하이스트,066.0000A,66.0,216300,3277.2727272727275,216300,28,24,28,319,11.392857142857142,True,True,True,True
2026000103,더샵 분당하이스트,074.0000A,74.0,238200,3218.9189189189187,238200,3,5,3,22,7.333333333333333,True,True,True,True
2026000103,더샵 분당하이스트,074.0000B,74.0,238200,3218.9189189189187,238200,3,3,3,72,24.0,True,True,True,True
2026000103,더샵 분당하이스트,074.0000C,74.0,240200,3245.945945945946,240200,2,0,2,12,6.0,True,True,True,True
2026000103,더샵 분당하이스트,074.4400D,74.44,235200,3159.591617409995,235200,3,0,3,26,8.666666666666666,True,True,True,True
2026000103,더샵 분당하이스트,084.0000A,84.0,298100,3548.809523809524,298100,8,13,8,75,9.375,True,True,True,True
2026000103,더샵 분당하이스트,084.0000B,84.0,295800,3521.428571428572,295800,4,5,5,15,3.0,True,True,True,True
2026000103,더샵 분당하이스트,084.0000C,84.0,273900,3260.714285714286,273900,2,0,2,16,8.0,True,True,True,True
2026000103,더샵 분당하이스트,084.0900D,84.09,276200,3284.576049470805,276200,3,3,3,6,2.0,True,True,True,True
2026000103,더샵 분당하이스트,084.0000E,84.0,291100,3465.4761904761904,291100,4,10,4,16,4.0,True,True,True,True
2026000103,더샵 분당하이스트,084.7200F,84.72,290100,3424.2209631728047,290100,3,3,4,13,3.25,True,True,True,True
2026000103,더샵 분당하이스트,084.6400G,84.64,292000,3449.905482041588,292000,2,11,2,19,9.5,True,True,True,True
2026000103,더샵 분당하이스트,084.7800H,84.78,290600,3427.6952111347014,290600,1,0,1,7,7.0,True,True,True,True
2026000104,도안자이 센텀리체 1단지,084.0000A,84.0,77620,924.047619047619,77620,330,326,403,1036,2.5707196029776678,True,True,True,True
2026000104,도안자이 센텀리체 1단지,084.9913C,84.9913,76920,905.0338093428388,76920,93,92,154,158,1.025974025974026,True,True,True,True
2026000104,도안자이 센텀리체 1단지,099.0000A,99.0,99920,1009.2929292929292,99920,91,14,92,306,3.3260869565217392,True,True,True,True
2026000107,경기광주역 롯데캐슬 시그니처 1단지,059.9299A,59.9299,63900,1066.2457304283837,63900,28,29,28,388,13.857142857142858,True,True,True,True
2026000107,경기광주역 롯데캐슬 시그니처 1단지,059.8802B,59.8802,62900,1050.4306932842576,62900,25,26,25,148,5.92,True,True,True,True
2026000107,경기광주역 롯데캐슬 시그니처 1단지,059.9281C,59.9281,61900,1032.9044304758536,61900,46,50,46,516,11.217391304347826,True,True,True,True
2026000107,경기광주역 롯데캐슬 시그니처 1단지,084.9099A,84.9099,88200,1038.748131843283,88200,39,43,47,171,3.638297872340425,True,True,True,True
2026000107,경기광주역 롯데캐슬 시그니처 1단지,084.9326B,84.9326,87200,1026.696462842301,87200,218,259,400,287,0.7175,True,True,True,True
2026000107,경기광주역 롯데캐슬 시그니처 1단지,084.9481C,84.9481,86200,1014.7372336756208,86200,38,41,63,39,0.6190476190476191,True,True,True,True
2026000107,경기광주역 롯데캐슬 시그니처 1단지,084.8671D,84.8671,87200,1027.4888619971698,87200,53,61,85,123,1.4470588235294115,True,True,True,True
2026000107,경기광주역 롯데캐슬 시그니처 1단지,114.9276A,114.9276,115800,1007.5908659016632,115800,51,6,57,25,0.4385964912280701,True,True,True,True
2026000107,경기광주역 롯데캐슬 시그니처 1단지,114.9574B,114.9574,111800,972.5341735286288,111800,50,6,55,10,0.1818181818181818,True,True,True,True
2026000107,경기광주역 롯데캐슬 시그니처 1단지,162.7498A,162.7498,239000,1468.5117892617995,239000,1,0,1,1,1.0,True,True,True,True
2026000107,경기광주역 롯데캐슬 시그니처 1단지,162.3499B,162.3499,241000,1484.4480963647038,241000,2,0,2,2,1.0,True,True,True,True
2026000107,경기광주역 롯데캐슬 시그니처 1단지,170.5257A,170.5257,249000,1460.1904580951727,249000,1,0,1,2,2.0,True,True,True,True
2026000107,경기광주역 롯데캐슬 시그니처 1단지,170.3095B,170.3095,120500,707.5353987886758,120500,1,0,1,5,5.0,True,True,True,True
2026000107,경기광주역 롯데캐슬 시그니처 1단지,225.6083,225.6083,158500,702.5450748044287,158500,1,0,1,0,0.0,True,True,True,True
2026000107,경기광주역 롯데캐슬 시그니처 1단지,250.5785,250.5785,199000,794.16230841832,199000,1,0,1,0,0.0,True,True,True,True
2026000107,경기광주역 롯데캐슬 시그니처 1단지,260.5379,260.5379,207100,794.8939482509071,207100,1,0,1,0,0.0,True,True,True,True
2026000110,엘리프 창원,076.2548A,76.2548,53600,702.9065711273257,53600,62,112,62,1089,17.56451612903226,True,True,True,True
2026000110,엘리프 창원,084.9621A,84.9621,59540,700.7830550327734,59540,49,87,49,2064,42.12244897959184,True,True,True,True
2026000110,엘리프 창원,084.8884B,84.8884,58950,694.4411721742899,58950,14,25,14,268,19.142857142857142,True,True,True,True
2026000112,용인 고림 동문 디 이스트,059.9010,59.901,56200,938.2147209562444,56200,31,43,43,59,1.372093023255814,True,True,True,True
2026000112,용인 고림 동문 디 이스트,075.7753A,75.7753,67770,894.3547567611082,67770,57,72,125,15,0.12,True,True,True,True
2026000112,용인 고림 동문 디 이스트,075.7218B,75.7218,66930,883.8934098238552,66930,15,26,40,4,0.1,True,True,True,True
2026000112,용인 고림 동문 디 이스트,084.7910A,84.791,71570,844.0754325341134,71570,32,38,64,14,0.21875,True,True,True,True
2026000112,용인 고림 동문 디 이스트,084.7677B,84.7677,70570,832.5104963329192,70570,15,21,36,1,0.0277777777777777,True,True,True,True
2026000113,동탄 그웬 160 (동탄2 B11BL),102.7378,102.7378,107000,1041.4861910611285,107000,28,5,30,57,1.9,True,True,True,True
2026000113,동탄 그웬 160 (동탄2 B11BL),102.7378P,102.7378,109200,1062.8999258306096,109200,30,4,32,49,1.53125,True,True,True,True
2026000113,동탄 그웬 160 (동탄2 B11BL),108.7178,108.7178,87000,800.2369437203475,87000,58,9,59,193,3.2711864406779663,True,True,True,True
2026000113,동탄 그웬 160 (동탄2 B11BL),115.1988,115.1988,115080,998.9687392577006,115080,1,0,1,16,16.0,True,True,True,True
2026000113,동탄 그웬 160 (동탄2 B11BL),115.1988P,115.1988,120580,1046.712292141932,120580,1,0,1,20,20.0,True,True,True,True
2026000113,동탄 그웬 160 (동탄2 B11BL),116.4757T,116.4757,88000,755.5223965170418,88000,19,3,19,135,7.105263157894737,True,True,True,True
2026000113,동탄 그웬 160 (동탄2 B11BL),118.1488,118.1488,94530,800.0927643784787,94530,2,0,2,22,11.0,True,True,True,True
2026000114,공덕역자이르네,048.6543,48.6543,127200,2614.362964835585,127200,19,17,19,1438,75.6842105263158,True,True,True,True
2026000114,공덕역자이르네,052.7960A,52.796,144000,2727.479354496553,144000,13,16,13,1301,100.07692307692308,True,True,True,True
2026000114,공덕역자이르네,052.7960B,52.796,141940,2688.4612470641714,141940,2,3,2,162,81.0,True,True,True,True
2026000114,공덕역자이르네,052.7960C,52.796,143020,2708.9173422228955,143020,2,0,2,150,75.0,True,True,True,True
2026000114,공덕역자이르네,059.9880A,59.988,176900,2948.9231179569247,176900,17,18,17,1488,87.52941176470588,True,True,True,True
2026000114,공덕역자이르네,059.2820B,59.282,169300,2855.8415707972067,169300,30,40,30,2100,70.0,True,True,True,True
2026000115,두산위브더제니스 구미(조합원취소분),074.9524A,74.9524,44980,600.1142058159579,44980,1,0,1,25,25.0,True,True,True,True
2026000115,두산위브더제니스 구미(조합원취소분),084.7657A,84.7657,53380,629.7358483443186,53380,23,26,23,848,36.869565217391305,True,True,True,True
2026000115,두산위브더제니스 구미(조합원취소분),084.7696B,84.7696,52440,618.6179951303297,52440,7,6,12,52,4.333333333333333,True,True,True,True
2026000116,아크로 리버스카이,036.9596,36.9596,116370,3148.573036504724,116370,20,23,20,273,13.65,True,True,True,True
2026000116,아크로 리버스카이,044.7166,44.7166,138760,3103.0981783051484,138760,4,5,4,307,76.75,True,True,True,True
2026000116,아크로 리버스카이,051.8088A,51.8088,169590,3273.3821281326727,169590,4,5,4,113,28.25,True,True,True,True
2026000116,아크로 리버스카이,051.7802B,51.7802,170080,3284.6532072104783,170080,3,5,3,83,27.666666666666668,True,True,True,True
2026000116,아크로 리버스카이,051.7611C,51.7611,171050,3304.6051957937525,171050,10,12,10,622,62.2,True,True,True,True
2026000116,아크로 리버스카이,059.9912A,59.9912,217940,3632.866153702543,217940,6,5,6,346,57.66666666666666,True,True,True,True
2026000116,아크로 리버스카이,059.9866B,59.9866,215280,3588.8014990014435,215280,4,1,4,77,19.25,True,True,True,True
2026000116,아크로 리버스카이,084.9549A,84.9549,274640,3232.7740954318115,274640,32,41,32,462,14.4375,True,True,True,True
2026000116,아크로 리버스카이,084.9645B,84.9645,276470,3253.9472367871285,276470,26,33,26,178,6.846153846153846,True,True,True,True
2026000116,아크로 리버스카이,084.9145C,84.9145,271190,3193.6830576638854,271190,17,20,17,105,6.176470588235294,True,True,True,True
2026000116,아크로 리버스카이,084.9898T,84.9898,279580,3289.5712191345315,279580,3,3,3,38,12.666666666666666,True,True,True,True
2026000116,아크로 리버스카이,140.8560P,140.856,492800,3498.608507979781,492800,3,0,3,26,8.666666666666666,True,True,True,True
2026000120,써밋 더힐,039.3700A,39.37,122450,3110.2362204724413,122450,5,1,5,285,57.0,True,True,True,True
2026000120,써밋 더힐,039.9000C,39.9,121850,3053.884711779449,121850,2,0,2,55,27.5,True,True,True,True
2026000120,써밋 더힐,049.8300A,49.83,164780,3306.843267108168,164780,3,0,3,170,56.66666666666666,True,True,True,True
2026000120,써밋 더힐,049.7000B,49.7,167510,3370.422535211268,167510,4,0,4,242,60.5,True,True,True,True
2026000120,써밋 더힐,059.8700A,59.87,222210,3711.541673626192,222210,92,102,92,3404,37.0,True,True,True,True
2026000120,써밋 더힐,059.8800B,59.88,209150,3492.818971275885,209150,6,2,6,101,16.833333333333332,True,True,True,True
2026000120,써밋 더힐,059.9200C,59.92,222860,3719.2923898531376,222860,25,24,25,455,18.2,True,True,True,True
2026000120,써밋 더힐,059.8800D,59.88,219610,3667.50167000668,219610,46,56,46,1244,27.043478260869566,True,True,True,True
2026000120,써밋 더힐,059.9700E,59.97,224700,3746.8734367183592,224700,9,7,9,185,20.55555555555556,True,True,True,True
2026000120,써밋 더힐,059.9700F,59.97,209950,3500.9171252292813,209950,10,7,10,159,15.9,True,True,True,True
2026000120,써밋 더힐,084.9000A,84.9,295890,3485.1590106007066,295890,8,13,8,482,60.25,True,True,True,True
2026000120,써밋 더힐,084.7800C,84.78,297820,3512.856805850437,297820,1,9,1,78,78.0,True,True,True,True
2026000121,문수로 라티에르 673,084.9421A,84.9421,90500,1065.4316293098475,90500,22,38,58,27,0.4655172413793103,True,True,True,True
2026000121,문수로 라티에르 673,084.8550B,84.855,91500,1078.3100583348064,91500,6,9,15,13,0.8666666666666667,True,True,True,True
2026000121,문수로 라티에르 673,084.8958C,84.8958,91000,1071.9022613603972,91000,23,39,59,29,0.4915254237288136,True,True,True,True
2026000121,문수로 라티에르 673,104.9032,104.9032,118300,1127.7063044787958,118300,51,11,61,3,0.0491803278688524,True,True,True,True
2026000126,안양 에버포레 자연앤 e편한세상(A2BL),084.9794A,84.9794,80170,943.4051075907807,80170,17,55,17,1311,77.11764705882354,True,True,True,True
2026000126,안양 에버포레 자연앤 e편한세상(A2BL),084.9830B,84.983,79200,931.9510961015732,79200,17,53,17,697,41.0,True,True,True,True
2026000126,안양 에버포레 자연앤 e편한세상(A2BL),084.9548C,84.9548,78790,927.4343533267102,78790,15,36,15,641,42.73333333333333,True,True,True,True
2026000126,안양 에버포레 자연앤 e편한세상(A2BL),084.9603D,84.9603,80080,942.5578770319784,80080,31,120,31,1919,61.903225806451616,True,True,True,True
2026000129,더샵 관저아르테,059.9015A,59.9015,47070,785.790005258633,47070,23,24,23,403,17.52173913043478,True,True,True,True
2026000129,더샵 관저아르테,059.7714B,59.7714,46320,774.9525692889911,46320,45,51,45,322,7.155555555555556,True,True,True,True
2026000129,더샵 관저아르테,084.6688A,84.6688,64100,757.0675384557239,64100,106,129,106,1790,16.88679245283019,True,True,True,True
2026000129,더샵 관저아르테,084.4529B,84.4529,63250,748.938165533688,63250,102,113,102,682,6.686274509803922,True,True,True,True
2026000129,더샵 관저아르테,104.2229A,104.2229,76850,737.3619425289452,76850,251,36,267,604,2.262172284644195,True,True,True,True
2026000129,더샵 관저아르테,119.6029A,119.6029,85730,716.7886397403407,85730,62,9,63,161,2.555555555555556,True,True,True,True
2026000130,PH159,069.7157A,69.7157,45000,645.4787085262,45000,8,0,8,2,0.25,True,True,True,True
2026000130,PH159,084.9163A,84.9163,54600,642.9860933648781,54600,4,0,4,1,0.25,True,True,True,True
2026000130,PH159,084.7589B,84.7589,54600,644.180139194822,54600,4,0,4,0,0.0,True,True,True,True
2026000130,PH159,084.1386C,84.1386,53600,637.0441153049849,53600,4,0,4,1,0.25,True,True,True,True
2026000130,PH159,084.9333D,84.9333,54800,645.2121841492088,54800,4,0,4,0,0.0,True,True,True,True
2026000130,PH159,084.8300E,84.83,55200,650.7131910880585,55200,2,0,2,0,0.0,True,True,True,True
2026000130,PH159,084.1140F,84.114,54500,647.9301899802648,54500,6,0,6,1,0.1666666666666666,True,True,True,True
2026000130,PH159,099.9896A,99.9896,67500,675.0702073015594,67500,14,0,14,0,0.0,True,True,True,True
2026000130,PH159,099.2980D,99.298,61600,620.354891337187,61600,3,0,3,1,0.3333333333333333,True,True,True,True
2026000132,청주 한양립스 더 벨루체,059.9815A,59.9815,36444,607.5873394296575,36444,59,60,96,26,0.2708333333333333,True,True,True,True
2026000132,청주 한양립스 더 벨루체,059.9538B,59.9538,37244,621.211666316397,37244,24,23,44,5,0.1136363636363636,True,True,True,True
2026000132,청주 한양립스 더 벨루체,075.9345A,75.9345,45490,599.0689344105775,45490,15,12,26,10,0.3846153846153846,True,True,True,True
2026000132,청주 한양립스 더 벨루체,075.9813B,75.9813,46503,612.0321710736721,46503,10,10,20,2,0.1,True,True,True,True
2026000132,청주 한양립스 더 벨루체,084.2548A,84.2548,50287,596.8443340913515,50287,64,61,118,32,0.2711864406779661,True,True,True,True
2026000132,청주 한양립스 더 벨루체,084.6662B,84.6662,51575,609.1569008648079,51575,40,39,77,10,0.1298701298701298,True,True,True,True
2026000138,힐스테이트 시흥더클래스,074.6595A,74.6595,77470,1037.6442381746465,77470,10,14,10,40,4.0,True,True,True,True
2026000138,힐스테이트 시흥더클래스,084.7599A,84.7599,87850,1036.4570982268738,87850,172,205,349,78,0.2234957020057306,True,True,True,True
2026000138,힐스테이트 시흥더클래스,084.9615B,84.9615,87550,1030.4667408178998,87550,12,17,27,11,0.4074074074074074,True,True,True,True
2026000147,힐스테이트 구월아트파크,084.9907A,84.9907,88800,1044.8201979746018,88800,112,136,219,159,0.726027397260274,True,True,True,True
2026000147,힐스테이트 구월아트파크,084.9971B,84.9971,91300,1074.154294675936,91300,57,67,109,76,0.6972477064220184,True,True,True,True
2026000147,힐스테이트 구월아트파크,101.9965,101.9965,112900,1106.90072698573,112900,110,14,123,37,0.3008130081300813,True,True,True,True
2026000149,엘리프 성성호수공원 1BL,084.9563A,84.9563,58860,692.8267827106406,58860,96,37,96,5169,53.84375,True,True,True,True
2026000149,엘리프 성성호수공원 1BL,084.9527B,84.9527,56850,669.1959172574857,56850,39,98,39,1450,37.17948717948718,True,True,True,True
2026000149,엘리프 성성호수공원 1BL,111.1359,111.1359,79940,719.299524276134,79940,228,48,244,3337,13.67622950819672,True,True,True,True
2026000150,엘리프 성성호수공원 2BL,084.9563A,84.9563,57100,672.110249622453,57100,163,83,212,1271,5.995283018867925,True,True,True,True
2026000150,엘리프 성성호수공원 2BL,084.9527B,84.9527,55150,649.1847816490824,55150,36,124,149,219,1.4697986577181208,True,True,True,True
2026000150,엘리프 성성호수공원 2BL,111.1359,111.1359,77560,697.884302012221,77560,120,34,149,878,5.89261744966443,True,True,True,True
2026000152,e편한세상 부천 어반스퀘어,059.9000A,59.9,87080,1453.756260434057,87080,169,205,169,462,2.733727810650888,True,True,True,True
2026000152,e편한세상 부천 어반스퀘어,059.7700B,59.77,85610,1432.3239083152082,85610,47,60,47,155,3.297872340425532,True,True,True,True
2026000152,e편한세상 부천 어반스퀘어,074.6300A,74.63,101960,1366.2066193219885,101960,92,116,161,179,1.1118012422360248,True,True,True,True
2026000152,e편한세상 부천 어반스퀘어,074.3000B,74.3,100850,1357.335127860027,100850,48,60,64,108,1.6875,True,True,True,True
2026000152,e편한세상 부천 어반스퀘어,084.3400A,84.34,113900,1350.4861275788476,113900,34,39,34,176,5.176470588235294,True,True,True,True
2026000152,e편한세상 부천 어반스퀘어,084.6000B,84.6,110190,1302.482269503546,110190,12,15,22,28,1.2727272727272727,True,True,True,True
2026000153,동작 센트럴 동문 디 이스트,046.9245,46.9245,127700,2721.3928757898325,127700,10,4,10,1183,118.3,True,True,True,True
2026000153,동작 센트럴 동문 디 이스트,051.9425,51.9425,138200,2660.6343552967223,138200,2,3,2,219,109.5,True,True,True,True
2026000153,동작 센트럴 동문 디 이스트,053.9145,53.9145,148800,2759.925437498261,148800,1,5,1,173,173.0,True,True,True,True
2026000153,동작 센트럴 동문 디 이스트,056.2527A,56.2527,158900,2824.753300730454,158900,2,1,2,127,63.5,True,True,True,True
2026000153,동작 센트럴 동문 디 이스트,056.7074B,56.7074,156500,2759.780910427916,156500,3,1,3,144,48.0,True,True,True,True
2026000153,동작 센트럴 동문 디 이스트,058.6784A,58.6784,164700,2806.8249986366363,164700,4,7,4,590,147.5,True,True,True,True
2026000153,동작 센트럴 동문 디 이스트,058.5476B,58.5476,164200,2804.555609452821,164200,4,3,4,388,97.0,True,True,True,True
2026000153,동작 센트럴 동문 디 이스트,058.8959C,58.8959,161300,2738.730539816864,161300,3,3,3,189,63.0,True,True,True,True
2026000153,동작 센트럴 동문 디 이스트,059.7098,59.7098,167100,2798.535583773518,167100,3,7,3,596,198.66666666666663,True,True,True,True
2026000153,동작 센트럴 동문 디 이스트,062.6550,62.655,170700,2724.443380416567,170700,2,4,2,294,147.0,True,True,True,True
2026000154,고덕국제신도시 수자인풍경채 1단지,084.8390A,84.839,56710,668.4425794740627,56710,65,116,158,130,0.8227848101265823,True,True,True,True
2026000154,고덕국제신도시 수자인풍경채 1단지,084.9914B,84.9914,56660,666.6556851634401,56660,55,92,139,30,0.2158273381294964,True,True,True,True
2026000154,고덕국제신도시 수자인풍경채 1단지,084.9865C,84.9865,55850,657.1631965076806,55850,37,60,90,32,0.3555555555555555,True,True,True,True
2026000154,고덕국제신도시 수자인풍경채 1단지,101.9956,101.9956,66400,651.0084748753868,66400,214,31,245,40,0.1632653061224489,True,True,True,True
2026000155,고덕국제신도시 수자인풍경채 2단지,084.8390A,84.839,56710,668.4425794740627,56710,45,78,107,86,0.8037383177570093,True,True,True,True
2026000155,고덕국제신도시 수자인풍경채 2단지,084.9914B,84.9914,56660,666.6556851634401,56660,39,66,98,22,0.2244897959183673,True,True,True,True
2026000155,고덕국제신도시 수자인풍경채 2단지,084.9865C,84.9865,55850,657.1631965076806,55850,23,38,56,13,0.2321428571428571,True,True,True,True
2026000155,고덕국제신도시 수자인풍경채 2단지,101.9956,101.9956,66400,651.0084748753868,66400,146,21,167,31,0.18562874251497,True,True,True,True
2026000162,검암역자이르네,084.6120A,84.612,59410,702.1462676688886,59410,83,151,107,346,3.233644859813084,True,True,True,True
2026000162,검암역자이르네,084.6297B,84.6297,58750,694.2007356755371,58750,89,157,170,264,1.5529411764705885,True,True,True,True
2026000162,검암역자이르네,084.6060C,84.606,58200,687.8944755691086,58200,45,76,102,55,0.5392156862745098,True,True,True,True
2026000164,더샵 송도그란테르 G5-1블록,084.8600A,84.86,130800,1541.3622436954986,130800,19,27,19,450,23.68421052631579,True,True,True,True
2026000164,더샵 송도그란테르 G5-1블록,084.2800B,84.28,131500,1560.2752728998576,131500,50,83,50,651,13.02,True,True,True,True
2026000164,더샵 송도그란테르 G5-1블록,084.1200C,84.12,131800,1566.8093200190203,131800,50,83,50,2448,48.96,True,True,True,True
2026000164,더샵 송도그란테르 G5-1블록,102.9300A,102.93,155200,1507.8208491207615,155200,37,9,37,474,12.81081081081081,True,True,True,True
2026000164,더샵 송도그란테르 G5-1블록,102.5000B,102.5,154600,1508.2926829268292,154600,37,9,37,1079,29.16216216216216,True,True,True,True
2026000164,더샵 송도그란테르 G5-1블록,102.4100C,102.41,152800,1492.0417927936726,152800,65,18,65,820,12.615384615384617,True,True,True,True
2026000164,더샵 송도그란테르 G5-1블록,102.5100D,102.51,155300,1514.9741488635254,155300,22,4,22,204,9.272727272727272,True,True,True,True
2026000164,더샵 송도그란테르 G5-1블록,102.5100E,102.51,155300,1514.9741488635254,155300,20,4,20,154,7.7,True,True,True,True
2026000164,더샵 송도그란테르 G5-1블록,124.5700A,124.57,193500,1553.3435016456613,193500,37,9,37,150,4.054054054054054,True,True,True,True
2026000164,더샵 송도그란테르 G5-1블록,124.8100B,124.81,194300,1556.7662847528245,194300,65,18,66,262,3.9696969696969697,True,True,True,True
2026000164,더샵 송도그란테르 G5-1블록,124.9800C,124.98,195400,1563.450152024324,195400,22,4,22,170,7.727272727272727,True,True,True,True
2026000164,더샵 송도그란테르 G5-1블록,124.9800D,124.98,195400,1563.450152024324,195400,20,4,20,124,6.2,True,True,True,True
2026000164,더샵 송도그란테르 G5-1블록,128.4500A,128.45,197100,1534.449202024134,197100,65,18,65,365,5.615384615384615,True,True,True,True
2026000164,더샵 송도그란테르 G5-1블록,128.1300B,128.13,197800,1543.7446343557326,197800,22,4,22,186,8.454545454545455,True,True,True,True
2026000164,더샵 송도그란테르 G5-1블록,128.1300C,128.13,197800,1543.7446343557326,197800,20,4,20,257,12.85,True,True,True,True
2026000164,더샵 송도그란테르 G5-1블록,198.7900A,198.79,333600,1678.152824588762,333600,2,0,2,263,131.5,True,True,True,True
2026000164,더샵 송도그란테르 G5-1블록,198.4000B,198.4,333400,1680.4435483870968,333400,2,0,2,307,153.5,True,True,True,True
2026000169,더샵 송도그란테르 G5-11블록,084.8600H,84.86,123300,1452.9813810982796,123300,14,20,14,212,15.142857142857142,True,True,True,True
2026000169,더샵 송도그란테르 G5-11블록,084.7800I,84.78,124100,1463.788629393725,124100,15,21,15,157,10.466666666666669,True,True,True,True
2026000169,더샵 송도그란테르 G5-11블록,084.5600J,84.56,124000,1466.414380321665,124000,15,21,15,492,32.8,True,True,True,True
2026000169,더샵 송도그란테르 G5-11블록,100.9800A,100.98,150000,1485.44266191325,150000,27,7,27,468,17.333333333333332,True,True,True,True
2026000169,더샵 송도그란테르 G5-11블록,100.5800B,100.58,146100,1452.575064625174,146100,27,7,27,1272,47.11111111111112,True,True,True,True
2026000169,더샵 송도그란테르 G5-11블록,100.9500C,100.95,147300,1459.1381872213967,147300,29,7,29,373,12.862068965517242,True,True,True,True
2026000169,더샵 송도그란테르 G5-11블록,124.7300H,124.73,181900,1458.3500360779285,181900,27,7,27,319,11.814814814814817,True,True,True,True
2026000169,더샵 송도그란테르 G5-11블록,124.8300I,124.83,181900,1457.1817672033967,181900,29,7,29,238,8.206896551724139,True,True,True,True
2026000169,더샵 송도그란테르 G5-11블록,128.1100H,128.11,184100,1437.0462883459525,184100,29,7,29,288,9.93103448275862,True,True,True,True
2026000169,더샵 송도그란테르 G5-11블록,198.8600C,198.86,334500,1682.0879010359045,334500,2,0,2,466,233.0,True,True,True,True
2026000170,상주북천 하늘채 파크원,066.9412,66.9412,36700,548.2423380519023,36700,20,22,29,103,3.5517241379310347,True,True,True,True
2026000170,상주북천 하늘채 파크원,084.9644A,84.9644,45400,534.3414418274007,45400,47,51,65,308,4.7384615384615385,True,True,True,True
2026000170,상주북천 하늘채 파크원,084.9697B,84.9697,45400,534.3081121858733,45400,78,94,117,659,5.632478632478633,True,True,True,True
2026000170,상주북천 하늘채 파크원,084.9689C,84.9689,44800,527.2517356350382,44800,23,25,38,77,2.026315789473684,True,True,True,True
2026000170,상주북천 하늘채 파크원,117.5756,117.5756,63700,541.7790766111336,63700,92,14,104,148,1.4230769230769231,True,True,True,True
2026000172,두산위브 트리니뷰 구명역,074.9671A,74.9671,68700,916.401995008477,68700,3,21,17,33,1.9411764705882355,True,True,True,True
2026000172,두산위브 트리니뷰 구명역,074.9653B,74.9653,67200,896.4147412202713,67200,2,16,17,12,0.7058823529411765,True,True,True,True
2026000172,두산위브 트리니뷰 구명역,084.9841A,84.9841,75900,893.1082402472933,75900,7,173,160,107,0.66875,True,True,True,True
2026000172,두산위브 트리니뷰 구명역,084.9794B,84.9794,75900,893.1576358505708,75900,1,26,25,8,0.32,True,True,True,True
2026000172,두산위브 트리니뷰 구명역,084.9830C,84.983,75900,893.1198004306743,75900,3,36,32,21,0.65625,True,True,True,True
2026000173,더 리치먼드 리버센트 소양,084.9211A,84.9211,58890,693.4672301701227,58890,12,14,22,35,1.5909090909090908,True,True,True,True
2026000173,더 리치먼드 리버센트 소양,084.7112B,84.7112,58120,686.095817318135,58120,12,13,24,10,0.4166666666666667,True,True,True,True
2026000173,더 리치먼드 리버센트 소양,084.9304C,84.9304,57110,672.432956868212,57110,11,14,25,5,0.2,True,True,True,True
2026000173,더 리치먼드 리버센트 소양,084.9891D,84.9891,57810,680.2048733308154,57810,12,13,24,2,0.0833333333333333,True,True,True,True
2026000173,더 리치먼드 리버센트 소양,084.8973E,84.8973,55510,653.8488267589192,55510,12,13,25,2,0.08,True,True,True,True
2026000173,더 리치먼드 리버센트 소양,084.9725F,84.9725,55600,654.3293418458913,55600,12,14,25,7,0.28,True,True,True,True
2026000173,더 리치먼드 리버센트 소양,084.9826G,84.9826,58360,686.728812721663,58360,12,14,25,7,0.28,True,True,True,True
2026000174,더샵 중앙로역센터폴,084.9627A,84.9627,79831,939.6005541255164,79831,51,67,116,19,0.1637931034482758,True,True,True,True
2026000174,더샵 중앙로역센터폴,084.9982B,84.9982,79099,930.596177330814,79099,49,66,114,4,0.0350877192982456,True,True,True,True
2026000174,더샵 중앙로역센터폴,084.9651C,84.9651,78493,923.8263710629424,78493,26,34,59,3,0.0508474576271186,True,True,True,True
2026000174,더샵 중앙로역센터폴,142.5518,142.5518,150508,1055.8126940522675,150508,2,0,2,0,0.0,True,True,True,True
2026000174,더샵 중앙로역센터폴,167.4697,167.4697,173716,1037.2980903411185,173716,4,0,4,0,0.0,True,True,True,True
2026000184,익산 펠리피아,084.9949A,84.9949,41500,488.2645899930466,41500,46,48,94,3,0.0319148936170212,True,True,True,True
2026000184,익산 펠리피아,084.9973B,84.9973,41800,491.78032713980326,41800,145,144,288,4,0.0138888888888888,True,True,True,True
2026000184,익산 펠리피아,084.9964C,84.9964,41200,484.7264119421529,41200,54,56,110,0,0.0,True,True,True,True
2026000184,익산 펠리피아,104.9996,104.9996,52000,495.2399818665976,52000,69,10,79,0,0.0,True,True,True,True
2026000185,덕진 거제의 봄 우선분양전환 후 공가세대,067.7016A,67.7016,14425,213.06734257388305,14425,96,0,96,0,0.0,True,True,True,True
2026000185,덕진 거제의 봄 우선분양전환 후 공가세대,067.8493B,67.8493,14315,210.98227984666016,14315,101,0,101,2,0.0198019801980198,True,True,True,True
2026000185,덕진 거제의 봄 우선분양전환 후 공가세대,084.9785A,84.9785,17563,206.67580623334132,17563,77,0,77,0,0.0,True,True,True,True
2026000185,덕진 거제의 봄 우선분양전환 후 공가세대,084.9948B,84.9948,17671,207.9068366535365,17671,76,0,76,0,0.0,True,True,True,True
2026000185,덕진 거제의 봄 우선분양전환 후 공가세대,084.9134C,84.9134,17360,204.4435860535557,17360,26,0,26,0,0.0,True,True,True,True
2026000187,엘리프 역곡,046.8800,46.88,51700,1102.8156996587031,51700,10,5,10,16,1.6,True,True,True,True
2026000187,엘리프 역곡,059.9500,59.95,67260,1121.9349457881567,67260,8,11,8,34,4.25,True,True,True,True
2026000187,엘리프 역곡,074.9300A,74.93,83710,1117.1760309622314,83710,2,0,2,4,2.0,True,True,True,True
2026000187,엘리프 역곡,074.9300B,74.93,86310,1151.8750834111836,86310,1,7,5,8,1.6,True,True,True,True
2026000188,해운대 마티안 디 에디션,076.0622A,76.0622,98780,1298.673979979543,98780,11,14,25,11,0.44,True,True,True,True
2026000188,해운대 마티안 디 에디션,076.0622B,76.0622,82160,1080.168598857251,82160,1,0,1,13,13.0,True,True,True,True
2026000188,해운대 마티안 디 에디션,081.7692,81.7692,95730,1170.7342128821122,95730,10,11,20,4,0.2,True,True,True,True
2026000188,해운대 마티안 디 에디션,084.8599,84.8599,100490,1184.1871131123182,100490,24,28,47,15,0.3191489361702128,True,True,True,True
2026000194,더샵 검단레이크파크(AB22BL),059.9497A,59.9497,49010,817.5186864988482,49010,126,228,126,1940,15.396825396825395,True,True,True,True
2026000194,더샵 검단레이크파크(AB22BL),059.8301B,59.8301,48240,806.2831250490973,48240,118,208,118,546,4.627118644067797,True,True,True,True
2026000194,더샵 검단레이크파크(AB22BL),084.5181A,84.5181,65330,772.9705234736701,65330,156,285,156,1962,12.576923076923077,True,True,True,True
2026000194,더샵 검단레이크파크(AB22BL),084.0342B,84.0342,64660,769.4486292485678,64660,65,112,143,202,1.4125874125874125,True,True,True,True
2026000194,더샵 검단레이크파크(AB22BL),084.1796C,84.1796,63680,756.4778164781017,63680,58,98,134,188,1.4029850746268655,True,True,True,True
2026000195,더샵 검단레이크파크(AB23BL),059.9497A,59.9497,49520,826.0258183110174,49520,125,228,125,1635,13.08,True,True,True,True
2026000195,더샵 검단레이크파크(AB23BL),059.8301B,59.8301,48740,814.6401226138682,48740,109,195,109,578,5.302752293577981,True,True,True,True
2026000195,더샵 검단레이크파크(AB23BL),084.5181A,84.5181,66270,784.0924015092625,66270,153,275,153,1707,11.15686274509804,True,True,True,True
2026000195,더샵 검단레이크파크(AB23BL),084.0342B,84.0342,65580,780.3965528320613,65580,59,100,127,204,1.6062992125984252,True,True,True,True
2026000195,더샵 검단레이크파크(AB23BL),084.1796C,84.1796,64590,767.2880365314162,64590,59,100,116,227,1.956896551724138,True,True,True,True
2026000202,대전 경남아너스빌 센텀스카이,084.2259A,84.2259,59600,707.6208149749662,59600,33,39,70,17,0.2428571428571428,True,True,True,True
2026000202,대전 경남아너스빌 센텀스카이,084.5328B,84.5328,59900,708.6006851778245,59900,25,29,54,8,0.1481481481481481,True,True,True,True
2026000202,대전 경남아너스빌 센텀스카이,084.8209C,84.8209,59400,700.2991008112388,59400,9,7,16,5,0.3125,True,True,True,True
2026000205,수원역 아너스빌 타임원,084.6388A,84.6388,79080,934.3232654527236,79080,42,16,42,235,5.595238095238095,True,True,True,True
2026000205,수원역 아너스빌 타임원,084.8874B,84.8874,78760,927.8173203561424,78760,40,16,40,111,2.775,True,True,True,True
2026000217,동래사적공원 오네뜨,072.6854A,72.6854,56000,770.4435828928506,56000,1,1,2,4,2.0,True,True,True,True
2026000217,동래사적공원 오네뜨,084.9124A,84.9124,65000,765.4947922800438,65000,41,35,75,16,0.2133333333333333,True,True,True,True
2026000217,동래사적공원 오네뜨,084.8252B,84.8252,63800,752.134978756313,63800,19,13,32,3,0.09375,True,True,True,True
2026000219,호반써밋 풍무Ⅱ,059.9988A,59.9988,57810,963.5192703854076,57810,42,71,42,1080,25.714285714285715,True,True,True,True
2026000219,호반써밋 풍무Ⅱ,084.9967A,84.9967,74630,878.0340883822548,74630,93,167,93,998,10.731182795698924,True,True,True,True
2026000219,호반써밋 풍무Ⅱ,084.9688B,84.9688,73410,863.9641845006638,73410,55,92,74,280,3.783783783783784,True,True,True,True
2026000219,호반써밋 풍무Ⅱ,084.9863C,84.9863,72030,847.548369560741,72030,93,164,149,459,3.0805369127516777,True,True,True,True
2026000219,호반써밋 풍무Ⅱ,113.9765A,113.9765,88840,779.45892355003,88840,157,23,171,249,1.456140350877193,True,True,True,True
2026000219,호반써밋 풍무Ⅱ,182.8889A,182.8889,178890,978.1348129930246,178890,2,0,2,0,0.0,True,True,True,True
2026000219,호반써밋 풍무Ⅱ,182.0759B,182.0759,179000,983.1064956976734,179000,1,0,1,0,0.0,True,True,True,True
2026000219,호반써밋 풍무Ⅱ,182.1642C,182.1642,178950,982.3554792873682,178950,1,0,1,6,6.0,True,True,True,True
2026000223,힐스테이트 양산더스카이 1단지,068.9608A,68.9608,44670,647.7593067365807,44670,32,40,65,83,1.2769230769230768,True,True,True,True
2026000223,힐스테이트 양산더스카이 1단지,084.9836A,84.9836,52950,623.0613906683172,52950,83,104,169,158,0.9349112426035504,True,True,True,True
2026000223,힐스테이트 양산더스카이 1단지,084.9478B,84.9478,50860,598.7206260786036,50860,17,22,36,14,0.3888888888888889,True,True,True,True
2026000223,힐스테이트 양산더스카이 1단지,159.9969P,159.9969,113300,708.1387201877036,113300,1,0,1,27,27.0,True,True,True,True
2026000224,힐스테이트 양산더스카이 2단지,084.9836A,84.9836,52720,620.354986138502,52720,117,144,253,119,0.4703557312252964,True,True,True,True
2026000224,힐스테이트 양산더스카이 2단지,084.9478B,84.9478,50100,589.7739552996076,50100,7,11,17,21,1.2352941176470589,True,True,True,True
2026000224,힐스테이트 양산더스카이 2단지,084.9729C,84.9729,49820,586.3045747526564,49820,8,11,18,3,0.1666666666666666,True,True,True,True
2026000224,힐스테이트 양산더스카이 2단지,159.9969P,159.9969,109800,686.2632963513668,109800,1,0,1,25,25.0,True,True,True,True
2026000234,에코델타시티 중흥S-클래스 리버시티,059.9627A,59.9627,42100,702.1031407858552,42100,140,255,382,28,0.0732984293193717,True,True,True,True
2026000234,에코델타시티 중흥S-클래스 리버시티,059.9852B,59.9852,39900,665.1640738048719,39900,36,70,102,10,0.0980392156862745,True,True,True,True
2026000237,평택 고덕 우미 린 프레스티지(Abc-36BL),084.9343A,84.9343,58730,691.4756464702717,58730,122,221,205,393,1.9170731707317072,True,True,True,True
2026000237,평택 고덕 우미 린 프레스티지(Abc-36BL),084.9075B,84.9075,58730,691.6939021876748,58730,30,54,72,28,0.3888888888888889,True,True,True,True
2026000237,평택 고덕 우미 린 프레스티지(Abc-36BL),084.8505D,84.8505,57520,677.898185632377,57520,18,27,37,21,0.5675675675675675,True,True,True,True
2026000237,평택 고덕 우미 린 프레스티지(Abc-36BL),094.3143A,94.3143,57680,611.5721581987037,57680,20,3,23,67,2.9130434782608696,True,True,True,True
2026000237,평택 고덕 우미 린 프레스티지(Abc-36BL),094.2875B,94.2875,57680,611.7459896592868,57680,8,0,8,4,0.5,True,True,True,True
2026000237,평택 고덕 우미 린 프레스티지(Abc-36BL),094.3805D,94.3805,59990,635.6185864664841,59990,24,3,24,51,2.125,True,True,True,True
2026000237,평택 고덕 우미 린 프레스티지(Abc-36BL),101.8311A,101.8311,67800,665.8083827043015,67800,150,22,164,147,0.8963414634146342,True,True,True,True
2026000237,평택 고덕 우미 린 프레스티지(Abc-36BL),111.5911A,111.5911,69170,619.8523000490183,69170,36,5,36,84,2.333333333333333,True,True,True,True
2026000241,드파인 아르티아,059.8902A,59.8902,224000,3740.177858814965,224000,10,11,10,501,50.1,True,True,True,True
2026000241,드파인 아르티아,059.9055B,59.9055,226200,3775.947116708816,226200,10,7,10,367,36.7,True,True,True,True
2026000241,드파인 아르티아,074.9117A,74.9117,249000,3323.913353988763,249000,11,12,11,187,17.0,True,True,True,True
2026000241,드파인 아르티아,084.8554A,84.8554,263000,3099.390256836925,263000,5,0,5,81,16.2,True,True,True,True
2026000241,드파인 아르티아,084.0000B,84.0,276000,3285.714285714286,276000,24,32,24,289,12.041666666666666,True,True,True,True
2026000241,드파인 아르티아,084.0000C,84.0,273200,3252.3809523809523,273200,15,22,15,172,11.466666666666669,True,True,True,True
2026000241,드파인 아르티아,109.8652A,109.8652,306000,2785.231356243833,306000,10,2,12,41,3.4166666666666665,True,True,True,True
2026000242,호반써밋 첨단3지구(A7BL),084.9286A,84.9286,54300,639.3605923093045,54300,92,170,132,1208,9.151515151515152,True,True,True,True
2026000242,호반써밋 첨단3지구(A7BL),084.9682B,84.9682,53700,632.00114866503,53700,34,60,83,135,1.6265060240963856,True,True,True,True
2026000248,북오산자이 드포레,059.9928A,59.9928,50370,839.6007520902508,50370,70,79,116,38,0.3275862068965517,True,True,True,True
2026000248,북오산자이 드포레,059.9984B,59.9984,51750,862.5230006133497,51750,40,44,46,33,0.717391304347826,True,True,True,True
2026000248,북오산자이 드포레,074.9590A,74.959,60460,806.5742605957923,60460,91,105,187,20,0.106951871657754,True,True,True,True
2026000248,북오산자이 드포레,074.9810B,74.981,61510,820.3411530921168,61510,16,12,27,13,0.4814814814814814,True,True,True,True
2026000248,북오산자이 드포레,074.9604C,74.9604,61120,815.3638454437275,61120,39,44,82,4,0.048780487804878,True,True,True,True
2026000248,북오산자이 드포레,084.9121A,84.9121,67200,791.4066428695087,67200,254,306,535,70,0.1308411214953271,True,True,True,True
2026000248,북오산자이 드포레,084.9102B,84.9102,68310,804.496986227803,68310,52,60,104,22,0.2115384615384615,True,True,True,True
2026000248,북오산자이 드포레,084.9695C,84.9695,67050,789.1066794555694,67050,40,44,83,4,0.0481927710843373,True,True,True,True
2026000248,북오산자이 드포레,099.3455A,99.3455,75860,763.5977472557892,75860,143,20,163,7,0.0429447852760736,True,True,True,True
2026000248,북오산자이 드포레,099.3436B,99.3436,77050,775.5909791873861,77050,49,6,55,4,0.0727272727272727,True,True,True,True
2026000248,북오산자이 드포레,124.4008P,124.4008,148640,1194.8476215587038,148640,2,0,2,2,1.0,True,True,True,True
2026000248,북오산자이 드포레,125.2247P,125.2247,149430,1193.2949330283882,149430,1,0,1,2,2.0,True,True,True,True
2026000258,고덕국제신도시 수자인하우스디,084.8390A,84.839,56980,671.6250780890864,56980,40,67,100,42,0.42,True,True,True,True
2026000258,고덕국제신도시 수자인하우스디,084.9914B,84.9914,56790,668.1852516842881,56790,33,57,86,18,0.2093023255813953,True,True,True,True
2026000258,고덕국제신도시 수자인하우스디,084.9865C,84.9865,55870,657.3985280015061,55870,24,35,57,7,0.1228070175438596,True,True,True,True
2026000258,고덕국제신도시 수자인하우스디,101.9956,101.9956,66500,651.9889093255003,66500,129,18,147,10,0.0680272108843537,True,True,True,True
2026000270,김해 신문 센트럴 아이파크,084.7419A,84.7419,55170,651.0356742060303,55170,411,505,794,937,1.1801007556675065,True,True,True,True
2026000270,김해 신문 센트럴 아이파크,084.8435B,84.8435,56270,663.2211070971848,56270,101,123,190,176,0.9263157894736842,True,True,True,True
2026000270,김해 신문 센트럴 아이파크,113.7613,113.7613,67820,596.1605572369514,67820,165,26,185,271,1.4648648648648648,True,True,True,True
2026000270,김해 신문 센트럴 아이파크,128.8099,128.8099,70430,546.7747432456666,70430,42,6,47,74,1.574468085106383,True,True,True,True
2026000271,트리븐 김해,084.9478A,84.9478,53800,633.3301156710356,53800,74,92,165,15,0.0909090909090909,True,True,True,True
2026000271,트리븐 김해,084.9643B,84.9643,52910,622.7321357323017,52910,52,66,117,8,0.0683760683760683,True,True,True,True
2026000271,트리븐 김해,112.9359A,112.9359,76710,679.2348580035223,76710,70,10,80,2,0.025,True,True,True,True
2026000271,트리븐 김해,112.9215B,112.9215,76640,678.701575873505,76640,28,4,32,1,0.03125,True,True,True,True
2026000271,트리븐 김해,155.7796P,155.7796,156560,1005.0096418272996,156560,1,0,1,1,1.0,True,True,True,True
2026000271,트리븐 김해,217.1294P,217.1294,206740,952.1511135755914,206740,1,0,1,0,0.0,True,True,True,True
2026000272,함안가야 휴니온아르떼,084.4626,84.4626,47800,565.9309564233164,47800,20,26,44,5,0.1136363636363636,True,True,True,True
2026000272,함안가야 휴니온아르떼,113.7696A,113.7696,60700,533.5344415379856,60700,20,3,23,0,0.0,True,True,True,True
2026000272,함안가야 휴니온아르떼,113.4850B,113.485,64100,564.8323566991232,64100,20,3,23,0,0.0,True,True,True,True
2026000273,펜타힐즈 더블유 1단지,084.8315A,84.8315,69100,814.5559137820267,69100,108,127,134,944,7.044776119402985,True,True,True,True
2026000273,펜타힐즈 더블유 1단지,084.9186B,84.9186,69930,823.4944994382856,69930,104,131,104,1933,18.58653846153846,True,True,True,True
2026000273,펜타힐즈 더블유 1단지,115.5495A,115.5495,88730,767.896009935136,88730,286,43,329,298,0.905775075987842,True,True,True,True
2026000273,펜타힐즈 더블유 1단지,115.5735B,115.5735,89940,778.2060766525199,89940,122,19,140,88,0.6285714285714286,True,True,True,True
2026000273,펜타힐즈 더블유 1단지,123.7307A,123.7307,98890,799.2357595972544,98890,117,18,134,16,0.1194029850746268,True,True,True,True
2026000273,펜타힐즈 더블유 1단지,123.3693B,123.3693,102810,833.3515712580034,102810,118,18,136,42,0.3088235294117647,True,True,True,True
2026000273,펜타힐즈 더블유 1단지,132.9336A,132.9336,107360,807.621248503012,107360,99,14,112,25,0.2232142857142857,True,True,True,True
2026000273,펜타힐즈 더블유 1단지,137.5630B,137.563,119750,870.5102389450652,119750,78,12,90,28,0.3111111111111111,True,True,True,True
2026000273,펜타힐즈 더블유 1단지,137.8565C,137.8565,119910,869.817527646502,119910,160,24,182,78,0.4285714285714285,True,True,True,True
2026000273,펜타힐즈 더블유 1단지,152.3788A,152.3788,134830,884.8343732855226,134830,51,6,57,21,0.3684210526315789,True,True,True,True
2026000273,펜타힐즈 더블유 1단지,152.3629B,152.3629,135980,892.4744803360924,135980,51,6,57,46,0.8070175438596491,True,True,True,True
2026000275,장위 푸르지오 마크원,039.7700A,39.77,73220,1841.0862459140053,73220,34,37,34,287,8.441176470588236,True,True,True,True
2026000275,장위 푸르지오 마크원,039.6200B,39.62,75120,1896.012115093388,75120,16,10,16,173,10.8125,True,True,True,True
2026000275,장위 푸르지오 마크원,046.8700,46.87,88240,1882.6541497759763,88240,6,1,6,487,81.16666666666667,True,True,True,True
2026000275,장위 푸르지오 마크원,051.6500A,51.65,106860,2068.9254598257503,106860,1,0,1,58,58.0,True,True,True,True
2026000275,장위 푸르지오 마크원,051.9100C,51.91,111080,2139.8574455788867,111080,5,0,5,392,78.4,True,True,True,True
2026000275,장위 푸르지오 마크원,059.9200A,59.92,143770,2399.365821094793,143770,70,78,70,1186,16.942857142857143,True,True,True,True
2026000275,장위 푸르지오 마크원,059.9600B,59.96,142700,2379.9199466310874,142700,56,65,56,600,10.714285714285714,True,True,True,True
2026000275,장위 푸르지오 마크원,059.8800C,59.88,146060,2439.211756847027,146060,27,27,27,309,11.444444444444445,True,True,True,True
2026000275,장위 푸르지오 마크원,059.9500D,59.95,142800,2381.9849874895745,142800,33,32,33,309,9.363636363636363,True,True,True,True
2026000275,장위 푸르지오 마크원,059.8800E,59.88,145670,2432.698730794923,145670,9,5,9,63,7.0,True,True,True,True
2026000275,장위 푸르지오 마크원,074.8700A,74.87,159200,2126.3523440630424,159200,30,27,30,280,9.333333333333334,True,True,True,True
2026000275,장위 푸르지오 마크원,074.7500B,74.75,157080,2101.4046822742475,157080,25,23,25,219,8.76,True,True,True,True
2026000275,장위 푸르지오 마크원,084.8600A,84.86,175830,2072.000942729201,175830,42,48,42,244,5.809523809523809,True,True,True,True
2026000275,장위 푸르지오 마크원,084.8700B,84.87,172420,2031.5777070814183,172420,115,136,115,661,5.747826086956522,True,True,True,True
2026000275,장위 푸르지오 마크원,084.9000C,84.9,176350,2077.1495877502944,176350,10,10,10,59,5.9,True,True,True,True
2026000275,장위 푸르지오 마크원,084.7500D,84.75,176570,2083.4218289085547,176570,24,23,24,117,4.875,True,True,True,True
2026000275,장위 푸르지오 마크원,101.7400,101.74,194570,1912.4238254373893,194570,5,0,5,18,3.6,True,True,True,True
2026000275,장위 푸르지오 마크원,114.2100,114.21,217140,1901.2345679012344,217140,2,0,2,7,3.5,True,True,True,True
2026000276,업성 푸르지오 레이크시티 2단지,072.7578A,72.7578,48990,673.3298697871568,48990,54,59,113,7,0.0619469026548672,True,True,True,True
2026000276,업성 푸르지오 레이크시티 2단지,072.7539B,72.7539,49310,677.7643535260653,49310,39,39,78,4,0.0512820512820512,True,True,True,True
2026000276,업성 푸르지오 레이크시티 2단지,084.9631A,84.9631,57750,679.7068374388411,57750,20,17,37,7,0.1891891891891892,True,True,True,True
2026000276,업성 푸르지오 레이크시티 2단지,084.9637B,84.9637,57700,679.1135508458318,57700,35,39,70,14,0.2,True,True,True,True
2026000276,업성 푸르지오 레이크시티 2단지,084.8624C,84.8624,57250,674.6215049303344,57250,35,39,72,17,0.2361111111111111,True,True,True,True
2026000276,업성 푸르지오 레이크시티 2단지,095.7927A,95.7927,71650,747.9693129017138,71650,31,4,35,2,0.0571428571428571,True,True,True,True
2026000276,업성 푸르지오 레이크시티 2단지,095.7890B,95.789,74560,778.3774754930107,74560,33,4,37,4,0.1081081081081081,True,True,True,True
2026000278,양주 회천지구 A-8BL 로제비앙 엘가,084.9051A,84.9051,52900,623.0485565649177,52900,109,213,319,6,0.018808777429467,True,True,True,True
2026000278,양주 회천지구 A-8BL 로제비앙 엘가,084.9386B,84.9386,51900,611.0296143331772,51900,12,27,37,2,0.054054054054054,True,True,True,True
2026000282,창원 한신더휴 메가센텀,038.0314A,38.0314,27100,712.5690876486273,27100,9,7,13,17,1.3076923076923077,True,True,True,True
2026000282,창원 한신더휴 메가센텀,046.9070A,46.907,33990,724.6253224465432,33990,6,7,6,26,4.333333333333333,True,True,True,True
2026000282,창원 한신더휴 메가센텀,059.9783A,59.9783,43600,726.9295728621852,43600,6,8,6,214,35.666666666666664,True,True,True,True
2026000282,창원 한신더휴 메가센텀,074.9730A,74.973,53080,707.9882090886052,53080,95,122,95,1105,11.63157894736842,True,True,True,True
2026000282,창원 한신더휴 메가센텀,074.9705B,74.9705,52080,694.6732381403352,52080,31,45,61,115,1.8852459016393444,True,True,True,True
2026000282,창원 한신더휴 메가센텀,084.9692A,84.9692,61150,719.672540167496,61150,156,200,156,2501,16.03205128205128,True,True,True,True
2026000282,창원 한신더휴 메가센텀,084.9734B,84.9734,58100,683.7433832234558,58100,7,19,16,124,7.75,True,True,True,True
2026000282,창원 한신더휴 메가센텀,084.9704C,84.9704,60840,716.0140472446876,60840,114,154,181,531,2.933701657458564,True,True,True,True
2026000282,창원 한신더휴 메가센텀,101.9695A,101.9695,72080,706.8780370601013,72080,66,10,66,458,6.9393939393939394,True,True,True,True
2026000282,창원 한신더휴 메가센텀,101.9772B,101.9772,71320,699.3720164899605,71320,64,9,72,52,0.7222222222222222,True,True,True,True
2026000282,창원 한신더휴 메가센텀,136.5534A,136.5534,150340,1100.961235677764,150340,3,0,3,15,5.0,True,True,True,True
2026000282,창원 한신더휴 메가센텀,136.9291B,136.9291,150050,1095.8225826358312,150050,1,0,1,20,20.0,True,True,True,True
2026000288,신제주 동문디이스트 시그니처원Ⅰ,061.3324,61.3324,72000,1173.9309076442469,72000,1,0,1,5,5.0,True,True,True,True
2026000288,신제주 동문디이스트 시그니처원Ⅰ,063.4466,63.4466,84900,1338.1331702565624,84900,13,0,13,2,0.1538461538461538,True,True,True,True
2026000288,신제주 동문디이스트 시그니처원Ⅰ,075.6023,75.6023,101200,1338.583614519664,101200,13,0,13,0,0.0,True,True,True,True
2026000288,신제주 동문디이스트 시그니처원Ⅰ,076.0381,76.0381,103000,1354.5840835055058,103000,13,0,13,2,0.1538461538461538,True,True,True,True
2026000288,신제주 동문디이스트 시그니처원Ⅰ,084.8915A,84.8915,117500,1384.1197293015202,117500,87,0,87,2,0.0229885057471264,True,True,True,True
2026000288,신제주 동문디이스트 시그니처원Ⅰ,084.9317B,84.9317,118700,1397.5935957952097,118700,13,0,13,1,0.0769230769230769,True,True,True,True
2026000288,신제주 동문디이스트 시그니처원Ⅰ,108.9054,108.9054,157828,1449.2210670912552,157828,13,0,13,0,0.0,True,True,True,True
2026000288,신제주 동문디이스트 시그니처원Ⅰ,113.1510,113.151,166795,1474.0921423584414,166795,14,0,14,1,0.0714285714285714,True,True,True,True
2026000288,신제주 동문디이스트 시그니처원Ⅰ,115.0757,115.0757,160887,1398.0970787055826,160887,13,0,13,0,0.0,True,True,True,True
2026000288,신제주 동문디이스트 시그니처원Ⅰ,156.0508,156.0508,239168,1532.629118210224,239168,2,0,2,0,0.0,True,True,True,True
2026000289,신제주 동문디이스트 시그니처원Ⅱ,075.6023,75.6023,106300,1406.0418796782635,106300,26,0,26,3,0.1153846153846153,True,True,True,True
2026000289,신제주 동문디이스트 시그니처원Ⅱ,076.3401,76.3401,106000,1388.523200781765,106000,14,0,14,0,0.0,True,True,True,True
2026000289,신제주 동문디이스트 시그니처원Ⅱ,080.6995,80.6995,113600,1407.6914974690053,113600,14,0,14,0,0.0,True,True,True,True
2026000289,신제주 동문디이스트 시그니처원Ⅱ,084.8616A,84.8616,116200,1369.2883471440557,116200,80,0,80,0,0.0,True,True,True,True
2026000289,신제주 동문디이스트 시그니처원Ⅱ,084.7182B,84.7182,113100,1335.0142000184142,113100,7,0,7,0,0.0,True,True,True,True
2026000289,신제주 동문디이스트 시그니처원Ⅱ,092.0594,92.0594,131875,1432.4990169390633,131875,14,0,14,0,0.0,True,True,True,True
2026000289,신제주 동문디이스트 시그니처원Ⅱ,105.2719,105.2719,152342,1447.1288159518351,152342,14,0,14,0,0.0,True,True,True,True
2026000289,신제주 동문디이스트 시그니처원Ⅱ,122.5925,122.5925,180194,1469.8615331280462,180194,14,0,14,0,0.0,True,True,True,True
2026000289,신제주 동문디이스트 시그니처원Ⅱ,140.9658,140.9658,200028,1418.9824766007073,200028,13,0,13,0,0.0,True,True,True,True
2026000291,이천 휴먼빌 클래스원,084.9649A,84.9649,57440,676.0438722342991,57440,100,121,218,6,0.0275229357798165,True,True,True,True
2026000291,이천 휴먼빌 클래스원,084.9611B,84.9611,57370,675.250202739842,57370,59,72,130,4,0.0307692307692307,True,True,True,True
2026000291,이천 휴먼빌 클래스원,084.9404C,84.9404,56360,663.5240709956629,56360,82,102,184,3,0.0163043478260869,True,True,True,True
2026000301,의왕역 SK VIEW,036.9653,36.9653,39500,1068.569712676483,39500,2,1,2,63,31.5,True,True,True,True
2026000301,의왕역 SK VIEW,045.9344,45.9344,56800,1236.5460308614024,56800,20,14,20,411,20.55,True,True,True,True
2026000301,의왕역 SK VIEW,059.8216A,59.8216,89500,1496.1151156104152,89500,27,39,27,270,10.0,True,True,True,True
2026000301,의왕역 SK VIEW,059.7397B,59.7397,88300,1478.079066349513,88300,185,230,185,1113,6.0162162162162165,True,True,True,True
2026000301,의왕역 SK VIEW,084.6871A,84.6871,109300,1290.633402253708,109300,20,30,20,204,10.2,True,True,True,True
2026000301,의왕역 SK VIEW,084.3460B,84.346,109600,1299.4095748464656,109600,66,76,66,266,4.03030303030303,True,True,True,True
2026000301,의왕역 SK VIEW,084.2485C,84.2485,109800,1303.2872988836596,109800,50,60,64,159,2.484375,True,True,True,True
2026000310,남양주 진접 서한이다음(S1BL),072.4726A,72.4726,58500,807.2016182667656,58500,15,33,15,209,13.933333333333334,True,True,True,True
2026000310,남양주 진접 서한이다음(S1BL),084.4746A,84.4746,66190,783.549137847353,66190,49,84,49,235,4.795918367346939,True,True,True,True
2026000310,남양주 진접 서한이다음(S1BL),084.7614B,84.7614,67370,794.8193399353952,67370,13,20,13,39,3.0,True,True,True,True
2026000310,남양주 진접 서한이다음(S1BL),095.2508A,95.2508,71330,748.8651013954739,71330,118,19,123,138,1.1219512195121952,True,True,True,True
2026000310,남양주 진접 서한이다음(S1BL),095.3102B,95.3102,67430,707.4793673709635,67430,10,0,10,15,1.5,True,True,True,True
2026000312,춘천 리버뷰 아이파크,059.9840A,59.984,40400,673.5129367831421,40400,25,28,25,165,6.6,True,True,True,True
2026000312,춘천 리버뷰 아이파크,059.9059B,59.9059,39000,651.0210179631722,39000,10,16,18,39,2.1666666666666665,True,True,True,True
2026000312,춘천 리버뷰 아이파크,084.9534A,84.9534,56800,668.6018452469236,56800,48,56,88,302,3.4318181818181817,True,True,True,True
2026000312,춘천 리버뷰 아이파크,084.8254B,84.8254,55200,650.7484786396527,55200,37,42,78,56,0.717948717948718,True,True,True,True
2026000314,중동역 다채로움 더원,054.8244,54.8244,54900,1001.3789480596232,54900,3,4,7,9,1.2857142857142858,True,True,True,True
2026000314,중동역 다채로움 더원,059.9935B,59.9935,61000,1016.7768174885612,61000,3,1,3,5,1.6666666666666667,True,True,True,True
2026000314,중동역 다채로움 더원,060.7403,60.7403,61200,1007.5682866235431,61200,3,5,3,17,5.666666666666667,True,True,True,True
2026000314,중동역 다채로움 더원,084.9888A,84.9888,75300,885.9990963515193,75300,2,0,2,9,4.5,True,True,True,True
2026000314,중동역 다채로움 더원,084.9933B,84.9933,79300,933.0147199838104,79300,2,5,2,5,2.5,True,True,True,True
2026000314,중동역 다채로움 더원,084.9894C,84.9894,79600,936.5873861916898,79600,5,6,9,5,0.5555555555555556,True,True,True,True
2026000315,오산헤리티지자이 1단지,075.4736,75.4736,73380,972.2604990354242,73380,21,23,36,35,0.9722222222222222,True,True,True,True
2026000315,오산헤리티지자이 1단지,084.9796A,84.9796,78300,921.3976060136786,78300,122,148,208,178,0.8557692307692307,True,True,True,True
2026000315,오산헤리티지자이 1단지,084.9665B,84.9665,78900,928.6012722661284,78900,117,143,248,82,0.3306451612903225,True,True,True,True
2026000315,오산헤리티지자이 1단지,084.8237C,84.8237,79400,936.059143847769,79400,119,143,239,41,0.1715481171548117,True,True,True,True
2026000315,오산헤리티지자이 1단지,084.9708D,84.9708,79300,933.2617793406675,79300,40,48,87,9,0.1034482758620689,True,True,True,True
2026000315,오산헤리티지자이 1단지,102.6201,102.6201,90710,883.9398909180561,90710,85,12,97,10,0.1030927835051546,True,True,True,True
2026000315,오산헤리티지자이 1단지,124.8692,124.8692,106300,851.290790683371,106300,40,5,40,18,0.45,True,True,True,True
2026000315,오산헤리티지자이 1단지,166.2309P,166.2309,207730,1249.6473279035367,207730,3,0,3,0,0.0,True,True,True,True
2026000316,오산헤리티지자이 2단지,075.4736,75.4736,73380,972.2604990354242,73380,24,23,46,9,0.1956521739130435,True,True,True,True
2026000316,오산헤리티지자이 2단지,084.9796A,84.9796,78300,921.3976060136786,78300,108,131,237,13,0.0548523206751054,True,True,True,True
2026000316,오산헤리티지자이 2단지,084.9665B,84.9665,78900,928.6012722661284,78900,82,94,171,6,0.0350877192982456,True,True,True,True
2026000316,오산헤리티지자이 2단지,084.8237C,84.8237,79400,936.059143847769,79400,84,100,184,2,0.0108695652173913,True,True,True,True
2026000316,오산헤리티지자이 2단지,102.6201,102.6201,90710,883.9398909180561,90710,38,5,43,3,0.0697674418604651,True,True,True,True
2026000316,오산헤리티지자이 2단지,124.8692,124.8692,106300,851.290790683371,106300,20,3,23,2,0.0869565217391304,True,True,True,True
2026000316,오산헤리티지자이 2단지,166.2309P,166.2309,207730,1249.6473279035367,207730,2,0,2,0,0.0,True,True,True,True
2026000323,"세종 우미 린 센터파크(행정중심복합도시 5-2생활권 S1블록, 글미마을 9단지)",045.9761,45.9761,29500,641.6377204678082,29500,21,23,21,130,6.190476190476191,True,True,True,True
2026000323,"세종 우미 린 센터파크(행정중심복합도시 5-2생활권 S1블록, 글미마을 9단지)",059.9747,59.9747,43550,726.1395221651796,43550,48,52,48,986,20.541666666666668,True,True,True,True
2026000323,"세종 우미 린 센터파크(행정중심복합도시 5-2생활권 S1블록, 글미마을 9단지)",084.9165A,84.9165,64560,760.2762713960185,64560,78,161,78,1771,22.705128205128204,True,True,True,True
2026000323,"세종 우미 린 센터파크(행정중심복합도시 5-2생활권 S1블록, 글미마을 9단지)",084.9738B,84.9738,64560,759.7635977207092,64560,13,33,13,302,23.23076923076923,True,True,True,True
2026000323,"세종 우미 린 센터파크(행정중심복합도시 5-2생활권 S1블록, 글미마을 9단지)",084.9395C,84.9395,63600,748.7682409244227,63600,5,7,5,85,17.0,True,True,True,True
2026000323,"세종 우미 린 센터파크(행정중심복합도시 5-2생활권 S1블록, 글미마을 9단지)",084.9418D,84.9418,62500,735.797922813032,62500,65,137,65,743,11.430769230769233,True,True,True,True
2026000323,"세종 우미 린 센터파크(행정중심복합도시 5-2생활권 S1블록, 글미마을 9단지)",084.9942E,84.9942,61570,724.4023709853143,61570,1,5,1,52,52.0,True,True,True,True
2026000323,"세종 우미 린 센터파크(행정중심복합도시 5-2생활권 S1블록, 글미마을 9단지)",084.9603F,84.9603,64560,759.8843224423642,64560,9,18,9,181,20.11111111111111,True,True,True,True
2026000328,센텀 엘카사,069.3887,69.3887,36000,518.8164643522648,36000,6,12,18,2,0.1111111111111111,True,True,True,True
2026000328,센텀 엘카사,073.1083,73.1083,37500,512.9376555055992,37500,7,12,18,0,0.0,True,True,True,True
2026000328,센텀 엘카사,074.9812,74.9812,38000,506.793702954874,38000,6,12,18,0,0.0,True,True,True,True
2026000328,센텀 엘카사,076.9842,76.9842,39000,506.5974576601432,39000,7,12,18,0,0.0,True,True,True,True
2026000329,호반써밋 풍무Ⅲ,059.9848A,59.9848,59740,995.9189661380884,59740,40,90,40,861,21.525,True,True,True,True
2026000329,호반써밋 풍무Ⅲ,059.9813B,59.9813,58610,977.1378746375956,58610,36,72,36,424,11.77777777777778,True,True,True,True
2026000329,호반써밋 풍무Ⅲ,084.9897A,84.9897,76250,897.1675391253293,76250,57,121,57,682,11.964912280701755,True,True,True,True
2026000329,호반써밋 풍무Ⅲ,084.9810B,84.981,75220,885.139031077535,75220,33,70,48,191,3.9791666666666665,True,True,True,True
2026000329,호반써밋 풍무Ⅲ,084.9874C,84.9874,74350,874.8355638600547,74350,21,44,36,139,3.861111111111111,True,True,True,True
2026000329,호반써밋 풍무Ⅲ,084.9795D,84.9795,73590,865.9735583287734,73590,25,51,49,146,2.979591836734694,True,True,True,True
2026000336,평택역 더센트럴45,079.9213,79.9213,55000,688.1769941179635,55000,12,7,15,6,0.4,True,True,True,True
2026000336,평택역 더센트럴45,084.5994A,84.5994,59500,703.3146807187758,59500,7,12,19,6,0.3157894736842105,True,True,True,True
2026000336,평택역 더센트럴45,084.6767B,84.6767,60300,712.120335346087,60300,9,10,19,0,0.0,True,True,True,True
2026000336,평택역 더센트럴45,084.7673C,84.7673,60900,718.4374163150177,60900,9,10,19,3,0.1578947368421052,True,True,True,True
2026000336,평택역 더센트럴45,084.9764D,84.9764,56300,662.536892596062,56300,1,7,8,2,0.25,True,True,True,True
2026000336,평택역 더센트럴45,084.7673P,84.7673,70200,828.1495340774095,70200,1,0,1,2,2.0,True,True,True,True
2026000336,평택역 더센트럴45,110.9626P,110.9626,88700,799.368435851359,88700,1,0,1,0,0.0,True,True,True,True
2026000336,평택역 더센트럴45,125.2266,125.2266,83000,662.7984789174185,83000,11,0,11,0,0.0,True,True,True,True
2026000336,평택역 더센트럴45,125.2266P,125.2266,92300,737.0638506515388,92300,1,0,1,1,1.0,True,True,True,True
2026000336,평택역 더센트럴45,152.0764P,152.0764,116900,768.6925782041131,116900,1,0,1,0,0.0,True,True,True,True
2026000342,제일풍경채 첨단3지구(A6BL),084.9900A,84.99,51800,609.4834686433699,51800,100,182,225,376,1.6711111111111112,True,True,True,True
2026000342,제일풍경채 첨단3지구(A6BL),084.9900B,84.99,51460,605.4829979997647,51460,16,19,28,37,1.3214285714285714,True,True,True,True
2026000342,제일풍경채 첨단3지구(A6BL),115.9900A,115.99,69810,601.8622295025433,69810,112,15,127,17,0.1338582677165354,True,True,True,True
2026000342,제일풍경채 첨단3지구(A6BL),129.9900A,129.99,79600,612.3547965228094,79600,170,24,194,11,0.056701030927835,True,True,True,True
2026000354,상동역 롯데캐슬 시그니처,084.9199A,84.9199,163000,1919.455863702148,163000,103,121,174,382,2.1954022988505746,True,True,True,True
2026000354,상동역 롯데캐슬 시그니처,084.7123B,84.7123,149900,1769.518712158683,149900,39,45,59,143,2.4237288135593222,True,True,True,True
2026000354,상동역 롯데캐슬 시그니처,084.9874C,84.9874,159800,1880.2787236696263,159800,159,194,305,310,1.0163934426229508,True,True,True,True
2026000354,상동역 롯데캐슬 시그니처,084.9074D,84.9074,159900,1883.228081415754,159900,40,49,72,70,0.9722222222222222,True,True,True,True
2026000354,상동역 롯데캐슬 시그니처,084.9872E,84.9872,163800,1927.349059623096,163800,80,98,128,539,4.2109375,True,True,True,True
2026000354,상동역 롯데캐슬 시그니처,084.9928F,84.9928,159900,1881.3358307997853,159900,195,247,321,869,2.707165109034268,True,True,True,True
2026000354,상동역 롯데캐슬 시그니처,113.0966A,113.0966,224200,1982.376128017996,224200,196,28,219,90,0.410958904109589,True,True,True,True
2026000354,상동역 롯데캐슬 시그니처,113.0705B,113.0705,224900,1989.0245466324109,224900,74,10,84,34,0.4047619047619047,True,True,True,True
2026000354,상동역 롯데캐슬 시그니처,121.5813,121.5813,234900,1932.040535838982,234900,155,23,171,130,0.7602339181286549,True,True,True,True
2026000354,상동역 롯데캐슬 시그니처,153.9148P,153.9148,475000,3086.1229719299245,475000,1,0,1,1,1.0,True,True,True,True
2026000354,상동역 롯데캐슬 시그니처,187.5097P,187.5097,572700,3054.24199388085,572700,1,0,1,0,0.0,True,True,True,True
2026000354,상동역 롯데캐슬 시그니처,192.1528P,192.1528,603800,3142.290926804085,603800,1,0,1,8,8.0,True,True,True,True
2026000355,월계 중흥S-클래스 리비에르,036.9533,36.9533,69590,1883.1876990688247,69590,10,10,10,730,73.0,True,True,True,True
2026000355,월계 중흥S-클래스 리비에르,059.9667A,59.9667,126350,2107.002719842846,126350,33,38,33,1368,41.45454545454545,True,True,True,True
2026000355,월계 중흥S-클래스 리비에르,059.9424B,59.9424,124200,2071.9891095451635,124200,17,25,17,716,42.11764705882353,True,True,True,True
2026000355,월계 중흥S-클래스 리비에르,084.9807A,84.9807,149910,1764.0476013965524,149910,2,0,2,210,105.0,True,True,True,True
2026000356,두산위브더제니스 대연,059.7600,59.76,76472,1279.6519410977244,76472,10,24,10,194,19.4,True,True,True,True
2026000356,두산위브더제니스 대연,074.9500A,74.95,95920,1279.7865243495664,95920,13,24,32,38,1.1875,True,True,True,True
2026000356,두산위브더제니스 대연,074.9500B,74.95,94219,1257.091394262842,94219,14,24,36,14,0.3888888888888889,True,True,True,True
2026000356,두산위브더제니스 대연,084.8500A,84.85,109378,1289.0748379493225,109378,1,15,4,41,10.25,True,True,True,True
2026000356,두산위브더제니스 대연,084.9800B,84.98,109367,1286.973405507178,109367,11,40,41,64,1.5609756097560976,True,True,True,True
2026000358,충정로역자이르네,039.9972A,39.9972,103500,2587.6811376796377,103500,2,0,2,292,146.0,True,True,True,True
2026000358,충정로역자이르네,039.9814B,39.9814,100400,2511.1676929772343,100400,3,0,3,608,202.66666666666663,True,True,True,True
2026000358,충정로역자이르네,059.9882,59.9882,188500,3142.284649314365,188500,35,45,35,2266,64.74285714285715,True,True,True,True
2026000358,충정로역자이르네,084.9972A,84.9972,245500,2888.330439120348,245500,12,21,12,239,19.916666666666668,True,True,True,True
2026000358,충정로역자이르네,084.9965B,84.9965,229500,2700.111181048632,229500,32,36,32,335,10.46875,True,True,True,True
2026000364,써밋 클라비온,044.9631A,44.9631,132510,2947.083274952128,132510,7,4,7,748,106.85714285714286,True,True,True,True
2026000364,써밋 클라비온,044.5894B,44.5894,130370,2923.7890619743707,130370,4,3,4,282,70.5,True,True,True,True
2026000364,써밋 클라비온,049.9779,49.9779,146600,2933.2965170605407,146600,5,3,5,915,183.0,True,True,True,True
2026000364,써밋 클라비온,059.9025A,59.9025,172900,2886.3569967864446,172900,5,7,5,370,74.0,True,True,True,True
2026000364,써밋 클라비온,059.9030B,59.903,183790,3068.126805001419,183790,12,20,12,479,39.91666666666666,True,True,True,True
2026000364,써밋 클라비온,059.8890C,59.889,186630,3116.265090417272,186630,20,21,20,1029,51.45,True,True,True,True
2026000364,써밋 클라비온,059.9245D,59.9245,185080,3088.5530959791067,185080,30,35,30,1720,57.333333333333336,True,True,True,True
2026000365,오남역 서희스타힐스 여의재 1단지,059.7153A,59.7153,55400,927.7354379865797,55400,40,43,66,27,0.4090909090909091,True,True,True,True
2026000365,오남역 서희스타힐스 여의재 1단지,059.9642B,59.9642,54800,913.8786142398296,54800,31,32,56,9,0.1607142857142857,True,True,True,True
2026000365,오남역 서희스타힐스 여의재 1단지,075.4603,75.4603,65900,873.3068911732394,65900,11,8,15,8,0.5333333333333333,True,True,True,True
2026000365,오남역 서희스타힐스 여의재 1단지,084.9596,84.9596,71900,846.284587027246,71900,9,6,9,12,1.3333333333333333,True,True,True,True
2026000367,한강 푸르지오 리버프론트,084.7402A,84.7402,77300,912.1998767999132,77300,311,577,667,561,0.841079460269865,True,True,True,True
2026000367,한강 푸르지오 리버프론트,084.5605B,84.5605,76800,908.2254717036914,76800,23,45,63,20,0.3174603174603174,True,True,True,True
2026000367,한강 푸르지오 리버프론트,084.9219C,84.9219,74200,873.7439930100481,74200,190,347,435,209,0.4804597701149425,True,True,True,True
2026000367,한강 푸르지오 리버프론트,084.8168D,84.8168,73700,868.9316267531904,73700,55,93,140,21,0.15,True,True,True,True
2026000367,한강 푸르지오 리버프론트,084.7060E,84.706,75200,887.7765447547989,75200,37,61,66,80,1.2121212121212122,True,True,True,True
2026000367,한강 푸르지오 리버프론트,084.9001F,84.9001,74200,873.9683463270362,74200,15,21,34,7,0.2058823529411764,True,True,True,True
2026000367,한강 푸르지오 리버프론트,106.8713A,106.8713,95100,889.8553680922754,95100,250,38,275,129,0.4690909090909091,True,True,True,True
2026000367,한강 푸르지오 리버프론트,106.9778B,106.9778,95000,888.034713744347,95000,126,18,129,191,1.4806201550387597,True,True,True,True
2026000367,한강 푸르지오 리버프론트,122.7490,122.749,118600,966.1993173060472,118600,188,28,212,83,0.3915094339622642,True,True,True,True
2026000367,한강 푸르지오 리버프론트,180.2607A,180.2607,299600,1662.0372604788508,299600,4,0,4,2,0.5,True,True,True,True
2026000367,한강 푸르지오 리버프론트,180.9387B,180.9387,292200,1614.911569498399,292200,2,0,2,2,1.0,True,True,True,True
2026000367,한강 푸르지오 리버프론트,180.9315C,180.9315,299900,1657.5333758908755,299900,3,0,3,2,0.6666666666666666,True,True,True,True
2026000368,아르티엠 라 테라스,084.6201A,84.6201,51200,605.057190903816,51200,58,67,119,41,0.3445378151260504,True,True,True,True
2026000368,아르티엠 라 테라스,084.8907B,84.8907,52600,619.6202882058931,52600,45,55,97,18,0.1855670103092783,True,True,True,True
2026000368,아르티엠 라 테라스,084.6663C,84.6663,52500,620.0814255494806,52500,22,28,49,3,0.0612244897959183,True,True,True,True
2026000368,아르티엠 라 테라스,084.6558D,84.6558,50500,596.5332558430728,50500,10,15,25,2,0.08,True,True,True,True
2026000371,용인반도체클러스터 동일하이빌 파크밸리(D1-1블록),059.9390A,59.939,41600,694.0389395885817,41600,40,135,44,204,4.636363636363637,True,True,True,True
2026000371,용인반도체클러스터 동일하이빌 파크밸리(D1-1블록),059.8977B,59.8977,40800,681.1613801531612,40800,24,88,86,45,0.5232558139534884,True,True,True,True
2026000371,용인반도체클러스터 동일하이빌 파크밸리(D1-1블록),059.5027C,59.5027,39700,667.1966146074044,39700,7,31,28,38,1.3571428571428572,True,True,True,True
2026000371,용인반도체클러스터 동일하이빌 파크밸리(D1-1블록),071.2889A,71.2889,47800,670.5111174390403,47800,7,31,32,20,0.625,True,True,True,True
2026000371,용인반도체클러스터 동일하이빌 파크밸리(D1-1블록),071.8211B,71.8211,47600,662.7578803443556,47600,17,61,64,38,0.59375,True,True,True,True
2026000371,용인반도체클러스터 동일하이빌 파크밸리(D1-1블록),084.7577A,84.7577,53400,630.0312537975901,53400,34,114,34,271,7.970588235294118,True,True,True,True
2026000372,쌍용 더 플래티넘 서대문,059.9883A,59.9883,108650,1811.1865147037008,108650,2,1,2,481,240.5,True,True,True,True
2026000372,쌍용 더 플래티넘 서대문,084.9458A,84.9458,137330,1616.6779287498616,137330,23,30,23,584,25.39130434782609,True,True,True,True
2026000372,쌍용 더 플래티넘 서대문,084.9722B,84.9722,135340,1592.756219092833,135340,3,3,3,47,15.666666666666666,True,True,True,True
2026000376,달서자이 제니크,084.7506A,84.7506,58660,692.1484921640672,58660,82,98,160,66,0.4125,True,True,True,True
2026000376,달서자이 제니크,084.8664B,84.8664,59730,703.8121093860468,59730,82,98,180,26,0.1444444444444444,True,True,True,True
2026000382,두산위브더제니스 부천,059.9400A,59.94,87500,1459.7931264597933,87500,145,176,145,233,1.606896551724138,True,True,True,True
2026000382,두산위브더제니스 부천,059.9800B,59.98,86400,1440.4801600533513,86400,77,93,123,65,0.5284552845528455,True,True,True,True
2026000382,두산위브더제니스 부천,074.9500A,74.95,105500,1407.6050700466978,105500,72,84,147,53,0.3605442176870748,True,True,True,True
2026000382,두산위브더제니스 부천,074.9900B,74.99,101500,1353.5138018402454,101500,72,88,152,35,0.2302631578947368,True,True,True,True
2026000382,두산위브더제니스 부천,084.9500A,84.95,118200,1391.4067098293112,118200,49,56,94,41,0.4361702127659574,True,True,True,True
2026000382,두산위브더제니스 부천,084.9400B,84.94,112300,1322.10972451142,112300,110,136,218,69,0.3165137614678899,True,True,True,True
2026000383,포레나힐스테이트 진주,059.6771A,59.6771,42000,703.7875499982405,42000,63,73,63,861,13.666666666666666,True,True,True,True
2026000383,포레나힐스테이트 진주,059.7292B,59.7292,41300,691.454096153975,41300,8,11,8,84,10.5,True,True,True,True
2026000383,포레나힐스테이트 진주,072.8120A,72.812,49000,672.965994616272,49000,30,38,30,746,24.866666666666667,True,True,True,True
2026000383,포레나힐스테이트 진주,072.9569B,72.9569,48600,666.1467249842029,48600,34,44,34,433,12.735294117647058,True,True,True,True
2026000383,포레나힐스테이트 진주,084.9944A,84.9944,57700,678.8682548497313,57700,21,17,21,1311,62.42857142857143,True,True,True,True
2026000383,포레나힐스테이트 진주,084.9331B,84.9331,57100,672.293840681666,57100,26,33,26,414,15.923076923076923,True,True,True,True
2026000388,시티오씨엘 9단지 오션파크뷰,059.9801,59.9801,48560,809.6018512806747,48560,88,101,88,440,5.0,True,True,True,True
2026000388,시티오씨엘 9단지 오션파크뷰,075.9096,75.9096,60090,791.5994814885074,60090,64,73,95,114,1.2,True,True,True,True
2026000388,시티오씨엘 9단지 오션파크뷰,084.9771A,84.9771,71290,838.9319004767167,71290,444,540,942,164,0.1740976645435244,True,True,True,True
2026000388,시티오씨엘 9단지 오션파크뷰,084.8878B,84.8878,67590,796.2274908761918,67590,168,198,362,12,0.0331491712707182,True,True,True,True
2026000388,시티오씨엘 9단지 오션파크뷰,095.3740,95.374,77340,810.912827395307,77340,70,10,80,5,0.0625,True,True,True,True
2026000388,시티오씨엘 9단지 오션파크뷰,101.9303A,101.9303,81790,802.4110593219092,81790,40,5,44,3,0.0681818181818181,True,True,True,True
2026000388,시티오씨엘 9단지 오션파크뷰,101.9535B,101.9535,81850,802.8169704816411,81850,86,11,95,18,0.1894736842105263,True,True,True,True
2026000388,시티오씨엘 9단지 오션파크뷰,110.0371,110.0371,88980,808.6363599186093,88980,44,5,48,4,0.0833333333333333,True,True,True,True
2026000388,시티오씨엘 9단지 오션파크뷰,133.7832P,133.7832,166900,1247.540797349742,166900,1,0,1,4,4.0,True,True,True,True
2026000388,시티오씨엘 9단지 오션파크뷰,136.2904P,136.2904,170000,1247.3365695602918,170000,1,0,1,4,4.0,True,True,True,True
2026000394,더샵 여주역더퍼스트,084.6536A,84.6536,51965,613.8545791318976,51965,247,299,536,79,0.1473880597014925,True,True,True,True
2026000394,더샵 여주역더퍼스트,084.0452B,84.0452,51860,617.0489212947319,51860,56,68,123,6,0.048780487804878,True,True,True,True
2026000394,더샵 여주역더퍼스트,084.8414C,84.8414,50786,598.5992687532266,50786,10,16,26,8,0.3076923076923077,True,True,True,True
2026000399,브라운스톤 월곡 센트럴,059.9442A,59.9442,91000,1518.0784796527437,91000,7,21,7,481,68.71428571428571,True,True,True,True
2026000399,브라운스톤 월곡 센트럴,059.9442B,59.9442,89200,1488.0505536815906,89200,6,5,6,218,36.333333333333336,True,True,True,True
2026000399,브라운스톤 월곡 센트럴,059.9293C,59.9293,86200,1438.3615360099318,86200,9,9,9,718,79.77777777777777,True,True,True,True
2026000399,브라운스톤 월곡 센트럴,074.9610,74.961,107500,1434.079054441643,107500,5,0,5,255,51.0,True,True,True,True
2026000403,그랑라크 에일린의 뜰,059.8300A,59.83,57600,962.7277285642656,57600,40,49,40,305,7.625,True,True,True,True
2026000403,그랑라크 에일린의 뜰,059.9900B,59.99,57600,960.1600266711118,57600,53,61,53,289,5.452830188679245,True,True,True,True
2026000403,그랑라크 에일린의 뜰,059.9700C,59.97,56600,943.805235951309,56600,23,29,36,46,1.2777777777777777,True,True,True,True
2026000403,그랑라크 에일린의 뜰,074.8300,74.83,68700,918.0809835627424,68700,62,77,119,95,0.7983193277310925,True,True,True,True
2026000403,그랑라크 에일린의 뜰,084.9000,84.9,76600,902.2379269729092,76600,319,390,669,239,0.3572496263079223,True,True,True,True
2026000403,그랑라크 에일린의 뜰,102.8800A,102.88,86900,844.6734059097979,86900,25,4,29,10,0.3448275862068966,True,True,True,True
2026000403,그랑라크 에일린의 뜰,102.5600B,102.56,85000,828.783151326053,85000,18,3,21,2,0.0952380952380952,True,True,True,True
2026000404,검암역 푸르지오 프라베뉴 (B-1BL) 공공분양주택,060.9495A,60.9495,48630,797.8736494967145,48630,2,23,2,263,131.5,True,True,True,True
2026000404,검암역 푸르지오 프라베뉴 (B-1BL) 공공분양주택,060.6527B,60.6527,47930,790.236873214218,47930,11,39,11,447,40.63636363636363,True,True,True,True
2026000404,검암역 푸르지오 프라베뉴 (B-1BL) 공공분양주택,060.9646C,60.9646,46250,758.6369794930173,46250,16,59,16,619,38.6875,True,True,True,True
2026000404,검암역 푸르지오 프라베뉴 (B-1BL) 공공분양주택,084.9079A,84.9079,63910,752.6979232792237,63910,63,153,63,702,11.142857142857142,True,True,True,True
2026000404,검암역 푸르지오 프라베뉴 (B-1BL) 공공분양주택,084.4783B,84.4783,62940,745.0434016783008,62940,10,40,10,72,7.2,True,True,True,True
2026000404,검암역 푸르지오 프라베뉴 (B-1BL) 공공분양주택,084.9219C,84.9219,62340,734.0862604345876,62340,3,22,12,58,4.833333333333333,True,True,True,True
2026000419,올 뉴 챔피언스시티 1차,084.9730A,84.973,87000,1023.8546361785508,87000,141,172,175,1178,6.731428571428571,True,True,True,True
2026000419,올 뉴 챔피언스시티 1차,084.9479B,84.9479,87000,1024.1571598591606,87000,141,172,291,226,0.7766323024054983,True,True,True,True
2026000419,올 뉴 챔피언스시티 1차,084.9819C,84.9819,84200,990.799217245084,84200,242,294,503,278,0.5526838966202783,True,True,True,True
2026000419,올 뉴 챔피언스시티 1차,084.9769D,84.9769,86500,1017.9236945569912,86500,237,293,497,326,0.6559356136820925,True,True,True,True
2026000419,올 뉴 챔피언스시티 1차,084.9809E,84.9809,85400,1004.9316964164888,85400,138,168,299,75,0.2508361204013378,True,True,True,True
2026000419,올 뉴 챔피언스시티 1차,084.9849F,84.9849,85400,1004.8843971105456,85400,241,295,506,273,0.5395256916996047,True,True,True,True
2026000419,올 뉴 챔피언스시티 1차,103.0590A,103.059,105300,1021.744825779408,105300,195,28,209,388,1.8564593301435408,True,True,True,True
2026000419,올 뉴 챔피언스시티 1차,103.2718B,103.2718,103600,1003.1780214927986,103600,200,30,230,29,0.1260869565217391,True,True,True,True
2026000419,올 뉴 챔피언스시티 1차,112.3407A,112.3407,119500,1063.7284617240234,119500,115,16,126,121,0.9603174603174603,True,True,True,True
2026000419,올 뉴 챔피언스시티 1차,128.5318A,128.5318,135500,1054.2138210154997,135500,80,12,90,66,0.7333333333333333,True,True,True,True
2026000419,올 뉴 챔피언스시티 1차,200.4768B,200.4768,292000,1456.527638110744,292000,1,0,1,2,2.0,True,True,True,True
2026000419,올 뉴 챔피언스시티 1차,207.9807F,207.9807,295000,1418.4008420012049,295000,1,0,1,0,0.0,True,True,True,True
2026000419,올 뉴 챔피언스시티 1차,209.5090C,209.509,304000,1451.0116510507903,304000,1,0,1,0,0.0,True,True,True,True
2026000419,올 뉴 챔피언스시티 1차,211.8099E,211.8099,303000,1430.5280348085712,303000,1,0,1,0,0.0,True,True,True,True
2026000419,올 뉴 챔피언스시티 1차,214.6183A,214.6183,316000,1472.3814325246262,316000,1,0,1,11,11.0,True,True,True,True
2026000419,올 뉴 챔피언스시티 1차,214.8717D,214.8717,313000,1456.683220731255,313000,1,0,1,1,1.0,True,True,True,True
2026000422,천안 아이파크 시티 3단지,084.8786A,84.8786,59040,695.581689613165,59040,151,178,317,153,0.4826498422712933,True,True,True,True
2026000422,천안 아이파크 시티 3단지,084.9323B,84.9323,57550,677.5985108139071,57550,79,93,171,11,0.0643274853801169,True,True,True,True
2026000422,천안 아이파크 시티 3단지,102.8880A,102.888,70420,684.4335588212425,70420,201,29,230,22,0.0956521739130434,True,True,True,True
2026000422,천안 아이파크 시티 3단지,102.7602B,102.7602,69100,672.4393296237259,69100,18,1,19,0,0.0,True,True,True,True
2026000422,천안 아이파크 시티 3단지,116.8234,116.8234,80800,691.6422566027011,80800,88,13,101,7,0.0693069306930693,True,True,True,True
2026000423,두정역 푸르지오 그랑피크,059.9808A,59.9808,38400,640.2048655569782,38400,101,121,187,78,0.4171122994652406,True,True,True,True
2026000423,두정역 푸르지오 그랑피크,059.9657B,59.9657,36500,608.6812961409606,36500,73,88,154,23,0.1493506493506493,True,True,True,True
2026000423,두정역 푸르지오 그랑피크,074.9304,74.9304,44700,596.553601742417,44700,42,44,80,26,0.325,True,True,True,True
2026000423,두정역 푸르지오 그랑피크,084.6795,84.6795,55300,653.0506202799969,55300,301,367,661,41,0.0620272314674735,True,True,True,True
2026000423,두정역 푸르지오 그랑피크,101.9795,101.9795,60700,595.2176662956771,60700,89,13,102,6,0.0588235294117647,True,True,True,True
2026000423,두정역 푸르지오 그랑피크,114.6527,114.6527,69000,601.817488816225,69000,173,26,198,8,0.0404040404040404,True,True,True,True
2026000426,천안 아이파크 시티 4단지,084.8786A,84.8786,58930,694.2857210180186,58930,135,158,287,105,0.3658536585365853,True,True,True,True
2026000426,천안 아이파크 시티 4단지,084.9323B,84.9323,57460,676.5388432904796,57460,79,93,172,5,0.0290697674418604,True,True,True,True
2026000426,천안 아이파크 시티 4단지,102.8880A,102.888,70310,683.3644351139102,70310,165,23,188,12,0.0638297872340425,True,True,True,True
2026000426,천안 아이파크 시티 4단지,102.7602B,102.7602,69010,671.5635041582246,69010,25,3,28,2,0.0714285714285714,True,True,True,True
2026000426,천안 아이파크 시티 4단지,116.8234,116.8234,80690,690.7006644216826,80690,85,11,96,4,0.0416666666666666,True,True,True,True
2026000437,힐스테이트 고덕엘리스트 A12BL 공공분양주택,084.0000A,84.0,58420,695.4761904761905,58420,87,490,532,87,0.1635338345864661,True,True,True,True
2026000437,힐스테이트 고덕엘리스트 A12BL 공공분양주택,084.0000B,84.0,57755,687.5595238095239,57755,30,171,198,16,0.0808080808080808,True,True,True,True
2026000437,힐스테이트 고덕엘리스트 A12BL 공공분양주택,084.9500C,84.95,57440,676.1624484991171,57440,24,140,162,11,0.0679012345679012,True,True,True,True
2026000438,힐스테이트 고덕엘리스트 A65BL 공공분양주택,084.0000A,84.0,56617,674.0119047619048,56617,97,558,635,63,0.0992125984251968,True,True,True,True
2026000438,힐스테이트 고덕엘리스트 A65BL 공공분양주택,084.0000B,84.0,55973,666.3452380952381,55973,28,154,181,11,0.0607734806629834,True,True,True,True
2026000441,문수로 비스타 더파크,068.4720A,68.472,65900,962.4372006075477,65900,38,48,61,186,3.0491803278688523,True,True,True,True
2026000441,문수로 비스타 더파크,068.4720B,68.472,62400,911.3214160532772,62400,1,0,1,8,8.0,True,True,True,True
2026000441,문수로 비스타 더파크,084.9937A,84.9937,83200,978.8960828861432,83200,183,221,374,399,1.0668449197860963,True,True,True,True
2026000441,문수로 비스타 더파크,084.9890B,84.989,81600,960.1242513737072,81600,95,114,205,35,0.1707317073170731,True,True,True,True
2026000443,에코델타시티 금강펜테리움 에코리버,059.9986A,59.9986,51100,851.6865393525849,51100,64,119,179,3,0.0167597765363128,True,True,True,True
2026000443,에코델타시티 금강펜테리움 에코리버,059.9992B,59.9992,53200,886.6784890465206,53200,63,112,169,5,0.029585798816568,True,True,True,True
2026000446,진주 판문지구 레이크써밋 웰가,078.8382,78.8382,50300,638.0155812791261,50300,58,72,60,779,12.983333333333333,True,True,True,True
2026000446,진주 판문지구 레이크써밋 웰가,084.9115A,84.9115,55600,654.7994087962172,55600,91,112,91,6224,68.3956043956044,True,True,True,True
2026000446,진주 판문지구 레이크써밋 웰가,084.9519B,84.9519,55300,650.9566001466712,55300,125,152,125,2875,23.0,True,True,True,True
2026000446,진주 판문지구 레이크써밋 웰가,119.6206,119.6206,72200,603.5749695286598,72200,66,10,66,2027,30.71212121212121,True,True,True,True
2026000446,진주 판문지구 레이크써밋 웰가,182.9263,182.9263,139500,762.6022064623841,139500,4,0,4,186,46.5,True,True,True,True
2026000449,화서역 호수공원 아너스빌,084.7459A,84.7459,89800,1059.638283385981,89800,11,16,17,31,1.8235294117647056,True,True,True,True
2026000449,화서역 호수공원 아너스빌,084.8508B,84.8508,89300,1052.4355692580386,89300,39,45,49,81,1.653061224489796,True,True,True,True
2026000449,화서역 호수공원 아너스빌,084.6391C,84.6391,89300,1055.06792959755,89300,18,21,34,16,0.4705882352941176,True,True,True,True
2026000449,화서역 호수공원 아너스빌,084.9663D,84.9663,89300,1051.004927836095,89300,33,37,44,67,1.5227272727272727,True,True,True,True
2026000449,화서역 호수공원 아너스빌,084.9739E,84.9739,89300,1050.9109267669248,89300,8,6,13,11,0.8461538461538461,True,True,True,True
2026000449,화서역 호수공원 아너스빌,094.9503A,94.9503,90400,952.077033985148,90400,129,18,143,56,0.3916083916083916,True,True,True,True
2026000449,화서역 호수공원 아너스빌,094.9610B,94.961,90400,951.9697560050968,90400,13,1,14,3,0.2142857142857142,True,True,True,True
2026000449,화서역 호수공원 아너스빌,099.6774A,99.6774,91100,913.9483975304332,91100,72,9,79,28,0.3544303797468354,True,True,True,True
2026000453,광명 시티프라디움 에듀하임,059.9742A,59.9742,87900,1465.6302209950277,87900,10,11,10,129,12.9,True,True,True,True
2026000453,광명 시티프라디움 에듀하임,059.7421B,59.7421,87700,1467.9765190711407,87700,42,45,42,235,5.595238095238095,True,True,True,True
2026000453,광명 시티프라디움 에듀하임,084.8481A,84.8481,118500,1396.6134774968443,118500,36,50,60,27,0.45,True,True,True,True
2026000453,광명 시티프라디움 에듀하임,084.9648B,84.9648,119700,1408.818710807299,119700,10,11,18,4,0.2222222222222222,True,True,True,True
2026000453,광명 시티프라디움 에듀하임,084.9558C,84.9558,118000,1388.9575520447104,118000,44,61,63,44,0.6984126984126984,True,True,True,True
2026000453,광명 시티프라디움 에듀하임,084.9796D,84.9796,119800,1409.7501047310177,119800,10,11,13,11,0.8461538461538461,True,True,True,True
2026000453,광명 시티프라디움 에듀하임,084.9149E,84.9149,118000,1389.6265555279465,118000,38,47,67,10,0.1492537313432835,True,True,True,True